trial_index,arm_name,trial_status,generation_method,rmse_USA_UMB_CON_Aru_Js_28_sapflux,rmse_USA_UMB_CON_Aru_Js_28_wwc,groups_maple_kmax,groups_maple_bp,groups_maple_wp_s50,groups_maple_c3,groups_site_parameters_Soil_depth,groups_site_parameters_sand_d,groups_site_parameters_clay_d,groups_site_parameters_initial_swc_clay,groups_site_parameters_initial_swc_sand,groups_site_parameters_soil_moisture_bottom_boundary,groups_site_parameters_alpha_1,groups_site_parameters_theta_S1,groups_site_parameters_theta_R1,groups_site_parameters_n_1,groups_site_parameters_Ksat_1,groups_site_parameters_alpha_2,groups_site_parameters_theta_S2,groups_site_parameters_theta_R2,groups_site_parameters_n_2,groups_site_parameters_Ksat_2,groups_site_parameters_sum_LAI_plot,groups_site_parameters_Cd,groups_site_parameters_alpha_ml,groups_maple_Root_depth,groups_maple_theta_1_clay,groups_maple_theta_2_clay,groups_maple_theta_1_sand,groups_maple_theta_2_sand,groups_maple_Kr,groups_maple_qz,groups_maple_Ksax,groups_maple_Aind_r,groups_maple_ap,groups_maple_Phi_0,groups_maple_p,groups_maple_sat_xylem,groups_maple_taper_top,groups_maple_stand_density_sp,groups_maple_LAI,groups_maple_Cf,groups_maple_x,groups_maple_Vcmax25,groups_maple_m,groups_maple_alpha_p,model_trees_USA_UMB_CON_Aru_Js_28_scale_nhl,model_trees_USA_UMB_CON_Aru_Js_28_Hspec,model_trees_USA_UMB_CON_Aru_Js_28_dbh,model_trees_USA_UMB_CON_Aru_Js_28_mean_crown_area_sp,model_trees_USA_UMB_CON_Aru_Js_28_sapwood_depth
0,0_0,COMPLETED,Sobol,0.6864843351335489,1.2003732308579642,1.6343722581863406e-05,-1076031.669974327,-431533.67042541504,7.823663824796676,6.0,6.0,1.0,0.28,0.08,0.28,0.8,0.55,0.03,1.5,1.94e-07,14.5,0.47,0.045,2.4,3.45e-05,4.03,0.1,0.1,0.6,0.08,0.12,0.05,0.09,7.2e-10,9,1e-05,1,2e-06,574000000.0,20,0.573,1.0,160.9195402,0.779051285,0.85,1.0,50.0,4.0,0.8,0.7854047094285671,17.5,10.2,34.16,2.669080975
1,1_0,COMPLETED,Sobol,0.7372864297895166,0.9488127739646751,8.387211621180178e-05,-12860502.407653257,-1403356.8977378309,15.59120563501492,6.0,6.0,1.0,0.28,0.08,0.28,0.8,0.55,0.03,1.5,1.94e-07,14.5,0.47,0.045,2.4,3.45e-05,4.03,0.1,0.1,0.6,0.08,0.12,0.05,0.09,7.2e-10,9,1e-05,1,2e-06,574000000.0,20,0.573,1.0,160.9195402,0.779051285,0.85,1.0,50.0,4.0,0.8,0.7854047094285671,17.5,10.2,34.16,2.669080975
2,2_0,COMPLETED,Sobol,0.7122593559130006,0.9567335545750728,7.332403901219368e-05,-5932161.054527387,-601881.8134441972,1.9377347453497349,6.0,6.0,1.0,0.28,0.08,0.28,0.8,0.55,0.03,1.5,1.94e-07,14.5,0.47,0.045,2.4,3.45e-05,4.03,0.1,0.1,0.6,0.08,0.12,0.05,0.09,7.2e-10,9,1e-05,1,2e-06,574000000.0,20,0.573,1.0,160.9195402,0.779051285,0.85,1.0,50.0,4.0,0.8,0.7854047094285671,17.5,10.2,34.16,2.669080975
3,3_0,COMPLETED,Sobol,0.7489901797708599,1.0397563092048538,2.9961014282889667e-05,-10781497.461441904,-1529883.846733719,14.06807685634121,6.0,6.0,1.0,0.28,0.08,0.28,0.8,0.55,0.03,1.5,1.94e-07,14.5,0.47,0.045,2.4,3.45e-05,4.03,0.1,0.1,0.6,0.08,0.12,0.05,0.09,7.2e-10,9,1e-05,1,2e-06,574000000.0,20,0.573,1.0,160.9195402,0.779051285,0.85,1.0,50.0,4.0,0.8,0.7854047094285671,17.5,10.2,34.16,2.669080975
4,4_0,COMPLETED,Sobol,0.7414662670446648,0.9791063917955073,5.021878890041262e-05,-5319830.931862816,-1207683.51983279,12.415497031342237,6.0,6.0,1.0,0.28,0.08,0.28,0.8,0.55,0.03,1.5,1.94e-07,14.5,0.47,0.045,2.4,3.45e-05,4.03,0.1,0.1,0.6,0.08,0.12,0.05,0.09,7.2e-10,9,1e-05,1,2e-06,574000000.0,20,0.573,1.0,160.9195402,0.779051285,0.85,1.0,50.0,4.0,0.8,0.7854047094285671,17.5,10.2,34.16,2.669080975
5,5_0,COMPLETED,Sobol,0.677927112376019,1.0183353408630633,5.616075790300966e-05,-8384453.905094415,-263561.0860772431,4.645801186095922,6.0,6.0,1.0,0.28,0.08,0.28,0.8,0.55,0.03,1.5,1.94e-07,14.5,0.47,0.045,2.4,3.45e-05,4.03,0.1,0.1,0.6,0.08,0.12,0.05,0.09,7.2e-10,9,1e-05,1,2e-06,574000000.0,20,0.573,1.0,160.9195402,0.779051285,0.85,1.0,50.0,4.0,0.8,0.7854047094285671,17.5,10.2,34.16,2.669080975
6,6_0,COMPLETED,Sobol,0.7369410038123365,0.9469854044551504,8.914455106854439e-05,-3239918.3965288103,-1955777.933448553,18.335396776814015,6.0,6.0,1.0,0.28,0.08,0.28,0.8,0.55,0.03,1.5,1.94e-07,14.5,0.47,0.045,2.4,3.45e-05,4.03,0.1,0.1,0.6,0.08,0.12,0.05,0.09,7.2e-10,9,1e-05,1,2e-06,574000000.0,20,0.573,1.0,160.9195402,0.779051285,0.85,1.0,50.0,4.0,0.8,0.7854047094285671,17.5,10.2,34.16,2.669080975
7,7_0,COMPLETED,Sobol,0.7443802509081439,1.2158480060703627,7.978305113501847e-06,-13241487.919120118,-999841.5875248611,6.20297656180337,6.0,6.0,1.0,0.28,0.08,0.28,0.8,0.55,0.03,1.5,1.94e-07,14.5,0.47,0.045,2.4,3.45e-05,4.03,0.1,0.1,0.6,0.08,0.12,0.05,0.09,7.2e-10,9,1e-05,1,2e-06,574000000.0,20,0.573,1.0,160.9195402,0.779051285,0.85,1.0,50.0,4.0,0.8,0.7854047094285671,17.5,10.2,34.16,2.669080975
8,8_0,COMPLETED,Sobol,0.8198370207083532,1.2487581763399467,3.2952026817947627e-06,-7274343.24841015,-1865102.9064320028,3.264526099245995,6.0,6.0,1.0,0.28,0.08,0.28,0.8,0.55,0.03,1.5,1.94e-07,14.5,0.47,0.045,2.4,3.45e-05,4.03,0.1,0.1,0.6,0.08,0.12,0.05,0.09,7.2e-10,9,1e-05,1,2e-06,574000000.0,20,0.573,1.0,160.9195402,0.779051285,0.85,1.0,50.0,4.0,0.8,0.7854047094285671,17.5,10.2,34.16,2.669080975
9,9_0,COMPLETED,Sobol,0.7365552237236783,0.9451623817515351,9.537442228477449e-05,-10256528.40686962,-923024.3768543005,11.031735810916869,6.0,6.0,1.0,0.28,0.08,0.28,0.8,0.55,0.03,1.5,1.94e-07,14.5,0.47,0.045,2.4,3.45e-05,4.03,0.1,0.1,0.6,0.08,0.12,0.05,0.09,7.2e-10,9,1e-05,1,2e-06,574000000.0,20,0.573,1.0,160.9195402,0.779051285,0.85,1.0,50.0,4.0,0.8,0.7854047094285671,17.5,10.2,34.16,2.669080975
10,10_0,COMPLETED,Sobol,0.7050648660699046,0.9670022567758088,8.792135252151639e-05,-12807985.810842365,-463216.5244780481,1.1603971113450826,6.0,6.0,1.0,0.28,0.08,0.28,0.8,0.55,0.03,1.5,1.94e-07,14.5,0.47,0.045,2.4,3.45e-05,4.03,0.1,0.1,0.6,0.08,0.12,0.05,0.09,7.2e-10,9,1e-05,1,2e-06,574000000.0,20,0.573,1.0,160.9195402,0.779051285,0.85,1.0,50.0,4.0,0.8,0.7854047094285671,17.5,10.2,34.16,2.669080975
11,11_0,COMPLETED,Sobol,0.7664381201796999,1.1220471752584027,2.047534826397896e-05,-1019718.3124255389,-1885348.6607782543,13.696241186000405,6.0,6.0,1.0,0.28,0.08,0.28,0.8,0.55,0.03,1.5,1.94e-07,14.5,0.47,0.045,2.4,3.45e-05,4.03,0.1,0.1,0.6,0.08,0.12,0.05,0.09,7.2e-10,9,1e-05,1,2e-06,574000000.0,20,0.573,1.0,160.9195402,0.779051285,0.85,1.0,50.0,4.0,0.8,0.7854047094285671,17.5,10.2,34.16,2.669080975
12,12_0,COMPLETED,Sobol,0.7915161804312923,1.188345595766163,9.539465818554165e-06,-14733064.809115604,-1487952.45885849,10.615970095060765,6.0,6.0,1.0,0.28,0.08,0.28,0.8,0.55,0.03,1.5,1.94e-07,14.5,0.47,0.045,2.4,3.45e-05,4.03,0.1,0.1,0.6,0.08,0.12,0.05,0.09,7.2e-10,9,1e-05,1,2e-06,574000000.0,20,0.573,1.0,160.9195402,0.779051285,0.85,1.0,50.0,4.0,0.8,0.7854047094285671,17.5,10.2,34.16,2.669080975
13,13_0,COMPLETED,Sobol,0.7317562680579075,0.951148788293871,7.700921366084368e-05,-2915794.095955789,-1016578.6225348711,2.9020095192827284,6.0,6.0,1.0,0.28,0.08,0.28,0.8,0.55,0.03,1.5,1.94e-07,14.5,0.47,0.045,2.4,3.45e-05,4.03,0.1,0.1,0.6,0.08,0.12,0.05,0.09,7.2e-10,9,1e-05,1,2e-06,574000000.0,20,0.573,1.0,160.9195402,0.779051285,0.85,1.0,50.0,4.0,0.8,0.7854047094285671,17.5,10.2,34.16,2.669080975
14,14_0,COMPLETED,Sobol,0.7391048406648497,0.960556542155519,6.470910949446262e-05,-10963128.098426387,-1737798.205204308,17.19739367077127,6.0,6.0,1.0,0.28,0.08,0.28,0.8,0.55,0.03,1.5,1.94e-07,14.5,0.47,0.045,2.4,3.45e-05,4.03,0.1,0.1,0.6,0.08,0.12,0.05,0.09,7.2e-10,9,1e-05,1,2e-06,574000000.0,20,0.573,1.0,160.9195402,0.779051285,0.85,1.0,50.0,4.0,0.8,0.7854047094285671,17.5,10.2,34.16,2.669080975
15,15_0,COMPLETED,Sobol,0.6808189302879617,1.0178245299379365,4.669059860613197e-05,-6567215.688060969,-314043.5388311744,9.485939207486807,6.0,6.0,1.0,0.28,0.08,0.28,0.8,0.55,0.03,1.5,1.94e-07,14.5,0.47,0.045,2.4,3.45e-05,4.03,0.1,0.1,0.6,0.08,0.12,0.05,0.09,7.2e-10,9,1e-05,1,2e-06,574000000.0,20,0.573,1.0,160.9195402,0.779051285,0.85,1.0,50.0,4.0,0.8,0.7854047094285671,17.5,10.2,34.16,2.669080975
16,16_0,COMPLETED,Sobol,0.7417495630436802,0.9814537346267813,4.892522186227143e-05,-10491845.794999972,-1263551.8955998123,14.256586122140288,6.0,6.0,1.0,0.28,0.08,0.28,0.8,0.55,0.03,1.5,1.94e-07,14.5,0.47,0.045,2.4,3.45e-05,4.03,0.1,0.1,0.6,0.08,0.12,0.05,0.09,7.2e-10,9,1e-05,1,2e-06,574000000.0,20,0.573,1.0,160.9195402,0.779051285,0.85,1.0,50.0,4.0,0.8,0.7854047094285671,17.5,10.2,34.16,2.669080975
17,17_0,COMPLETED,Sobol,0.7178972353175355,0.9626246662397927,6.653355199750513e-05,-6095934.767648578,-788172.6889871061,1.7571029371581972,6.0,6.0,1.0,0.28,0.08,0.28,0.8,0.55,0.03,1.5,1.94e-07,14.5,0.47,0.045,2.4,3.45e-05,4.03,0.1,0.1,0.6,0.08,0.12,0.05,0.09,7.2e-10,9,1e-05,1,2e-06,574000000.0,20,0.573,1.0,160.9195402,0.779051285,0.85,1.0,50.0,4.0,0.8,0.7854047094285671,17.5,10.2,34.16,2.669080975
18,18_0,COMPLETED,Sobol,0.7376744452339264,0.9510388523337474,7.883824094757439e-05,-14261550.657218322,-1966026.9574262202,18.341101443674415,6.0,6.0,1.0,0.28,0.08,0.28,0.8,0.55,0.03,1.5,1.94e-07,14.5,0.47,0.045,2.4,3.45e-05,4.03,0.1,0.1,0.6,0.08,0.12,0.05,0.09,7.2e-10,9,1e-05,1,2e-06,574000000.0,20,0.573,1.0,160.9195402,0.779051285,0.85,1.0,50.0,4.0,0.8,0.7854047094285671,17.5,10.2,34.16,2.669080975
19,19_0,COMPLETED,Sobol,0.6972346715339826,1.2831660524836463,2.674714638851583e-06,-10547025.883197784,-518890.9899443388,8.334094084240496,6.0,6.0,1.0,0.28,0.08,0.28,0.8,0.55,0.03,1.5,1.94e-07,14.5,0.47,0.045,2.4,3.45e-05,4.03,0.1,0.1,0.6,0.08,0.12,0.05,0.09,7.2e-10,9,1e-05,1,2e-06,574000000.0,20,0.573,1.0,160.9195402,0.779051285,0.85,1.0,50.0,4.0,0.8,0.7854047094285671,17.5,10.2,34.16,2.669080975
20,20_0,COMPLETED,MOO,0.6794873930815796,0.9647057153935893,7.69197141104853e-05,-9387302.93397179,-268567.86470312136,6.328480796316152,6.0,6.0,1.0,0.28,0.08,0.28,0.8,0.55,0.03,1.5,1.94e-07,14.5,0.47,0.045,2.4,3.45e-05,4.03,0.1,0.1,0.6,0.08,0.12,0.05,0.09,7.2e-10,9,1e-05,1,2e-06,574000000.0,20,0.573,1.0,160.9195402,0.779051285,0.85,1.0,50.0,4.0,0.8,0.7854047094285671,17.5,10.2,34.16,2.669080975
21,21_0,COMPLETED,MOO,0.6921871267733006,0.9572063264069565,7.594148656263496e-05,-3995726.7460734174,-312859.2722343991,10.473923094614028,6.0,6.0,1.0,0.28,0.08,0.28,0.8,0.55,0.03,1.5,1.94e-07,14.5,0.47,0.045,2.4,3.45e-05,4.03,0.1,0.1,0.6,0.08,0.12,0.05,0.09,7.2e-10,9,1e-05,1,2e-06,574000000.0,20,0.573,1.0,160.9195402,0.779051285,0.85,1.0,50.0,4.0,0.8,0.7854047094285671,17.5,10.2,34.16,2.669080975
22,22_0,COMPLETED,MOO,0.6784547861666432,1.0407958446796377,7.612361117344229e-05,-11946996.411780218,-100000.0,12.60854062091497,6.0,6.0,1.0,0.28,0.08,0.28,0.8,0.55,0.03,1.5,1.94e-07,14.5,0.47,0.045,2.4,3.45e-05,4.03,0.1,0.1,0.6,0.08,0.12,0.05,0.09,7.2e-10,9,1e-05,1,2e-06,574000000.0,20,0.573,1.0,160.9195402,0.779051285,0.85,1.0,50.0,4.0,0.8,0.7854047094285671,17.5,10.2,34.16,2.669080975
23,23_0,COMPLETED,MOO,0.675936248157598,1.0597304144885358,6.642274581736335e-05,-3863261.6195746213,-100000.0,7.900350291492856,6.0,6.0,1.0,0.28,0.08,0.28,0.8,0.55,0.03,1.5,1.94e-07,14.5,0.47,0.045,2.4,3.45e-05,4.03,0.1,0.1,0.6,0.08,0.12,0.05,0.09,7.2e-10,9,1e-05,1,2e-06,574000000.0,20,0.573,1.0,160.9195402,0.779051285,0.85,1.0,50.0,4.0,0.8,0.7854047094285671,17.5,10.2,34.16,2.669080975
24,24_0,COMPLETED,MOO,0.6911658028694597,0.96438182571776,7.191226239626758e-05,-2866195.853253646,-305071.08830808825,17.602645651585934,6.0,6.0,1.0,0.28,0.08,0.28,0.8,0.55,0.03,1.5,1.94e-07,14.5,0.47,0.045,2.4,3.45e-05,4.03,0.1,0.1,0.6,0.08,0.12,0.05,0.09,7.2e-10,9,1e-05,1,2e-06,574000000.0,20,0.573,1.0,160.9195402,0.779051285,0.85,1.0,50.0,4.0,0.8,0.7854047094285671,17.5,10.2,34.16,2.669080975
25,25_0,COMPLETED,MOO,0.6711699128375425,1.0282457341936608,9.731931640343323e-05,-6516916.70091561,-100000.0,4.023289669034023,6.0,6.0,1.0,0.28,0.08,0.28,0.8,0.55,0.03,1.5,1.94e-07,14.5,0.47,0.045,2.4,3.45e-05,4.03,0.1,0.1,0.6,0.08,0.12,0.05,0.09,7.2e-10,9,1e-05,1,2e-06,574000000.0,20,0.573,1.0,160.9195402,0.779051285,0.85,1.0,50.0,4.0,0.8,0.7854047094285671,17.5,10.2,34.16,2.669080975
26,26_0,COMPLETED,MOO,0.7346364990912451,0.948943817780167,8.262228521353158e-05,-8123228.294767017,-725668.3865779997,5.562576669092793,6.0,6.0,1.0,0.28,0.08,0.28,0.8,0.55,0.03,1.5,1.94e-07,14.5,0.47,0.045,2.4,3.45e-05,4.03,0.1,0.1,0.6,0.08,0.12,0.05,0.09,7.2e-10,9,1e-05,1,2e-06,574000000.0,20,0.573,1.0,160.9195402,0.779051285,0.85,1.0,50.0,4.0,0.8,0.7854047094285671,17.5,10.2,34.16,2.669080975
27,27_0,COMPLETED,MOO,0.6794415575403022,1.0117009679552935,0.0001,-2962813.597970085,-100000.0,14.745334127923543,6.0,6.0,1.0,0.28,0.08,0.28,0.8,0.55,0.03,1.5,1.94e-07,14.5,0.47,0.045,2.4,3.45e-05,4.03,0.1,0.1,0.6,0.08,0.12,0.05,0.09,7.2e-10,9,1e-05,1,2e-06,574000000.0,20,0.573,1.0,160.9195402,0.779051285,0.85,1.0,50.0,4.0,0.8,0.7854047094285671,17.5,10.2,34.16,2.669080975
28,28_0,COMPLETED,MOO,0.6770408900511244,1.0142653047502708,0.0001,-15000000.0,-100000.0,8.205389530682304,6.0,6.0,1.0,0.28,0.08,0.28,0.8,0.55,0.03,1.5,1.94e-07,14.5,0.47,0.045,2.4,3.45e-05,4.03,0.1,0.1,0.6,0.08,0.12,0.05,0.09,7.2e-10,9,1e-05,1,2e-06,574000000.0,20,0.573,1.0,160.9195402,0.779051285,0.85,1.0,50.0,4.0,0.8,0.7854047094285671,17.5,10.2,34.16,2.669080975
29,29_0,COMPLETED,MOO,0.7363525736867677,0.9442604008457764,9.92890182734864e-05,-9203921.719240837,-2000000.0,8.643828693750029,6.0,6.0,1.0,0.28,0.08,0.28,0.8,0.55,0.03,1.5,1.94e-07,14.5,0.47,0.045,2.4,3.45e-05,4.03,0.1,0.1,0.6,0.08,0.12,0.05,0.09,7.2e-10,9,1e-05,1,2e-06,574000000.0,20,0.573,1.0,160.9195402,0.779051285,0.85,1.0,50.0,4.0,0.8,0.7854047094285671,17.5,10.2,34.16,2.669080975
30,30_0,COMPLETED,MOO,0.737726955281994,0.9538373566700817,7.370919358026245e-05,-4557566.065733377,-564251.1361805717,15.834449390560449,6.0,6.0,1.0,0.28,0.08,0.28,0.8,0.55,0.03,1.5,1.94e-07,14.5,0.47,0.045,2.4,3.45e-05,4.03,0.1,0.1,0.6,0.08,0.12,0.05,0.09,7.2e-10,9,1e-05,1,2e-06,574000000.0,20,0.573,1.0,160.9195402,0.779051285,0.85,1.0,50.0,4.0,0.8,0.7854047094285671,17.5,10.2,34.16,2.669080975
31,31_0,COMPLETED,MOO,0.7401559525548678,0.9671941903051824,8.282756198861028e-05,-584442.6832514014,-674521.609197563,20.0,6.0,6.0,1.0,0.28,0.08,0.28,0.8,0.55,0.03,1.5,1.94e-07,14.5,0.47,0.045,2.4,3.45e-05,4.03,0.1,0.1,0.6,0.08,0.12,0.05,0.09,7.2e-10,9,1e-05,1,2e-06,574000000.0,20,0.573,1.0,160.9195402,0.779051285,0.85,1.0,50.0,4.0,0.8,0.7854047094285671,17.5,10.2,34.16,2.669080975
32,32_0,COMPLETED,MOO,0.6655688375989466,1.028618429912584,8.085322500597581e-05,-9967451.26315049,-158271.26269635512,5.067902592802318,6.0,6.0,1.0,0.28,0.08,0.28,0.8,0.55,0.03,1.5,1.94e-07,14.5,0.47,0.045,2.4,3.45e-05,4.03,0.1,0.1,0.6,0.08,0.12,0.05,0.09,7.2e-10,9,1e-05,1,2e-06,574000000.0,20,0.573,1.0,160.9195402,0.779051285,0.85,1.0,50.0,4.0,0.8,0.7854047094285671,17.5,10.2,34.16,2.669080975
33,33_0,COMPLETED,MOO,0.726483482202664,0.9554523796248046,7.12505750986993e-05,-7135226.653810083,-439504.96225465904,12.732986549743957,6.0,6.0,1.0,0.28,0.08,0.28,0.8,0.55,0.03,1.5,1.94e-07,14.5,0.47,0.045,2.4,3.45e-05,4.03,0.1,0.1,0.6,0.08,0.12,0.05,0.09,7.2e-10,9,1e-05,1,2e-06,574000000.0,20,0.573,1.0,160.9195402,0.779051285,0.85,1.0,50.0,4.0,0.8,0.7854047094285671,17.5,10.2,34.16,2.669080975
34,34_0,COMPLETED,MOO,0.7389377034147108,0.9594825005954606,6.59314266132643e-05,-7964786.831105089,-637480.6742403249,20.0,6.0,6.0,1.0,0.28,0.08,0.28,0.8,0.55,0.03,1.5,1.94e-07,14.5,0.47,0.045,2.4,3.45e-05,4.03,0.1,0.1,0.6,0.08,0.12,0.05,0.09,7.2e-10,9,1e-05,1,2e-06,574000000.0,20,0.573,1.0,160.9195402,0.779051285,0.85,1.0,50.0,4.0,0.8,0.7854047094285671,17.5,10.2,34.16,2.669080975
35,35_0,COMPLETED,MOO,0.7392480614855191,1.0189399822345004,7.21818671647914e-05,-150000.0,-612411.3178529434,14.756925531857501,6.0,6.0,1.0,0.28,0.08,0.28,0.8,0.55,0.03,1.5,1.94e-07,14.5,0.47,0.045,2.4,3.45e-05,4.03,0.1,0.1,0.6,0.08,0.12,0.05,0.09,7.2e-10,9,1e-05,1,2e-06,574000000.0,20,0.573,1.0,160.9195402,0.779051285,0.85,1.0,50.0,4.0,0.8,0.7854047094285671,17.5,10.2,34.16,2.669080975
36,36_0,COMPLETED,MOO,0.7435412261437665,0.9912333542649513,8.941434262792513e-05,-150000.0,-1046309.7333077694,20.0,6.0,6.0,1.0,0.28,0.08,0.28,0.8,0.55,0.03,1.5,1.94e-07,14.5,0.47,0.045,2.4,3.45e-05,4.03,0.1,0.1,0.6,0.08,0.12,0.05,0.09,7.2e-10,9,1e-05,1,2e-06,574000000.0,20,0.573,1.0,160.9195402,0.779051285,0.85,1.0,50.0,4.0,0.8,0.7854047094285671,17.5,10.2,34.16,2.669080975
37,37_0,COMPLETED,MOO,0.7362289858436408,0.9456876883196604,9.317230624613675e-05,-5748406.721351763,-502646.4874928561,19.993269860901457,6.0,6.0,1.0,0.28,0.08,0.28,0.8,0.55,0.03,1.5,1.94e-07,14.5,0.47,0.045,2.4,3.45e-05,4.03,0.1,0.1,0.6,0.08,0.12,0.05,0.09,7.2e-10,9,1e-05,1,2e-06,574000000.0,20,0.573,1.0,160.9195402,0.779051285,0.85,1.0,50.0,4.0,0.8,0.7854047094285671,17.5,10.2,34.16,2.669080975
38,38_0,COMPLETED,MOO,0.6987820007923622,0.9512633365568718,7.927596441850907e-05,-9237626.595484802,-342094.822453863,7.410316800005656,6.0,6.0,1.0,0.28,0.08,0.28,0.8,0.55,0.03,1.5,1.94e-07,14.5,0.47,0.045,2.4,3.45e-05,4.03,0.1,0.1,0.6,0.08,0.12,0.05,0.09,7.2e-10,9,1e-05,1,2e-06,574000000.0,20,0.573,1.0,160.9195402,0.779051285,0.85,1.0,50.0,4.0,0.8,0.7854047094285671,17.5,10.2,34.16,2.669080975
39,39_0,COMPLETED,MOO,0.7354995293205832,0.9483482111762078,8.47015547179583e-05,-11563721.73356489,-474344.0103068638,20.0,6.0,6.0,1.0,0.28,0.08,0.28,0.8,0.55,0.03,1.5,1.94e-07,14.5,0.47,0.045,2.4,3.45e-05,4.03,0.1,0.1,0.6,0.08,0.12,0.05,0.09,7.2e-10,9,1e-05,1,2e-06,574000000.0,20,0.573,1.0,160.9195402,0.779051285,0.85,1.0,50.0,4.0,0.8,0.7854047094285671,17.5,10.2,34.16,2.669080975
40,40_0,COMPLETED,MOO,0.7165904343025754,0.9483622835337129,8.198194135415019e-05,-8457758.646345053,-403634.38183323084,9.098005175810124,6.0,6.0,1.0,0.28,0.08,0.28,0.8,0.55,0.03,1.5,1.94e-07,14.5,0.47,0.045,2.4,3.45e-05,4.03,0.1,0.1,0.6,0.08,0.12,0.05,0.09,7.2e-10,9,1e-05,1,2e-06,574000000.0,20,0.573,1.0,160.9195402,0.779051285,0.85,1.0,50.0,4.0,0.8,0.7854047094285671,17.5,10.2,34.16,2.669080975
41,41_0,COMPLETED,MOO,0.6694584960564428,0.9800549458550313,8.39470780325381e-05,-9259820.53098964,-212176.09725450538,5.558752695971476,6.0,6.0,1.0,0.28,0.08,0.28,0.8,0.55,0.03,1.5,1.94e-07,14.5,0.47,0.045,2.4,3.45e-05,4.03,0.1,0.1,0.6,0.08,0.12,0.05,0.09,7.2e-10,9,1e-05,1,2e-06,574000000.0,20,0.573,1.0,160.9195402,0.779051285,0.85,1.0,50.0,4.0,0.8,0.7854047094285671,17.5,10.2,34.16,2.669080975
42,42_0,COMPLETED,MOO,0.736349224286095,0.9442433711337275,0.0001,-2665381.5033383127,-1529222.1157915066,8.70553844447364,6.0,6.0,1.0,0.28,0.08,0.28,0.8,0.55,0.03,1.5,1.94e-07,14.5,0.47,0.045,2.4,3.45e-05,4.03,0.1,0.1,0.6,0.08,0.12,0.05,0.09,7.2e-10,9,1e-05,1,2e-06,574000000.0,20,0.573,1.0,160.9195402,0.779051285,0.85,1.0,50.0,4.0,0.8,0.7854047094285671,17.5,10.2,34.16,2.669080975
43,43_0,COMPLETED,MOO,0.6843507202725188,1.0214976072831858,8.461851918162866e-05,-150000.0,-341458.19340773136,18.82967150589118,6.0,6.0,1.0,0.28,0.08,0.28,0.8,0.55,0.03,1.5,1.94e-07,14.5,0.47,0.045,2.4,3.45e-05,4.03,0.1,0.1,0.6,0.08,0.12,0.05,0.09,7.2e-10,9,1e-05,1,2e-06,574000000.0,20,0.573,1.0,160.9195402,0.779051285,0.85,1.0,50.0,4.0,0.8,0.7854047094285671,17.5,10.2,34.16,2.669080975
44,44_0,COMPLETED,MOO,0.6947956061203496,0.9541784483586784,8.027686058666802e-05,-6949537.968860289,-340145.36369037675,3.4582401064882227,6.0,6.0,1.0,0.28,0.08,0.28,0.8,0.55,0.03,1.5,1.94e-07,14.5,0.47,0.045,2.4,3.45e-05,4.03,0.1,0.1,0.6,0.08,0.12,0.05,0.09,7.2e-10,9,1e-05,1,2e-06,574000000.0,20,0.573,1.0,160.9195402,0.779051285,0.85,1.0,50.0,4.0,0.8,0.7854047094285671,17.5,10.2,34.16,2.669080975
45,45_0,COMPLETED,MOO,0.7327931086536386,1.171709918018346,0.0001,-150000.0,-521230.08750929544,0.1,6.0,6.0,1.0,0.28,0.08,0.28,0.8,0.55,0.03,1.5,1.94e-07,14.5,0.47,0.045,2.4,3.45e-05,4.03,0.1,0.1,0.6,0.08,0.12,0.05,0.09,7.2e-10,9,1e-05,1,2e-06,574000000.0,20,0.573,1.0,160.9195402,0.779051285,0.85,1.0,50.0,4.0,0.8,0.7854047094285671,17.5,10.2,34.16,2.669080975
46,46_0,COMPLETED,MOO,0.746537434532426,1.0130741901231635,7.452054766434867e-05,-150000.0,-1421806.3156087112,20.0,6.0,6.0,1.0,0.28,0.08,0.28,0.8,0.55,0.03,1.5,1.94e-07,14.5,0.47,0.045,2.4,3.45e-05,4.03,0.1,0.1,0.6,0.08,0.12,0.05,0.09,7.2e-10,9,1e-05,1,2e-06,574000000.0,20,0.573,1.0,160.9195402,0.779051285,0.85,1.0,50.0,4.0,0.8,0.7854047094285671,17.5,10.2,34.16,2.669080975
47,47_0,COMPLETED,MOO,0.7301426249458993,1.1023795678958213,8.539599691279516e-05,-15000000.0,-987181.6478131098,0.1,6.0,6.0,1.0,0.28,0.08,0.28,0.8,0.55,0.03,1.5,1.94e-07,14.5,0.47,0.045,2.4,3.45e-05,4.03,0.1,0.1,0.6,0.08,0.12,0.05,0.09,7.2e-10,9,1e-05,1,2e-06,574000000.0,20,0.573,1.0,160.9195402,0.779051285,0.85,1.0,50.0,4.0,0.8,0.7854047094285671,17.5,10.2,34.16,2.669080975
48,48_0,COMPLETED,MOO,0.7100482914225833,0.9514930481909764,8.049962650556339e-05,-6141064.189748969,-343758.129070116,20.0,6.0,6.0,1.0,0.28,0.08,0.28,0.8,0.55,0.03,1.5,1.94e-07,14.5,0.47,0.045,2.4,3.45e-05,4.03,0.1,0.1,0.6,0.08,0.12,0.05,0.09,7.2e-10,9,1e-05,1,2e-06,574000000.0,20,0.573,1.0,160.9195402,0.779051285,0.85,1.0,50.0,4.0,0.8,0.7854047094285671,17.5,10.2,34.16,2.669080975
49,49_0,COMPLETED,MOO,0.677893685724113,0.9762620712060115,7.778971752807557e-05,-8110118.757231779,-246841.64986374043,4.374649719439182,6.0,6.0,1.0,0.28,0.08,0.28,0.8,0.55,0.03,1.5,1.94e-07,14.5,0.47,0.045,2.4,3.45e-05,4.03,0.1,0.1,0.6,0.08,0.12,0.05,0.09,7.2e-10,9,1e-05,1,2e-06,574000000.0,20,0.573,1.0,160.9195402,0.779051285,0.85,1.0,50.0,4.0,0.8,0.7854047094285671,17.5,10.2,34.16,2.669080975
50,50_0,COMPLETED,MOO,0.6846404611936208,0.9433818639894122,9.580714207209228e-05,-8176872.7717499565,-275521.6650902077,8.19494182822627,6.0,6.0,1.0,0.28,0.08,0.28,0.8,0.55,0.03,1.5,1.94e-07,14.5,0.47,0.045,2.4,3.45e-05,4.03,0.1,0.1,0.6,0.08,0.12,0.05,0.09,7.2e-10,9,1e-05,1,2e-06,574000000.0,20,0.573,1.0,160.9195402,0.779051285,0.85,1.0,50.0,4.0,0.8,0.7854047094285671,17.5,10.2,34.16,2.669080975
51,51_0,COMPLETED,MOO,0.670780168060385,0.9560614113143584,9.313119999104281e-05,-8220056.309073736,-228267.68254625588,7.445587423232541,6.0,6.0,1.0,0.28,0.08,0.28,0.8,0.55,0.03,1.5,1.94e-07,14.5,0.47,0.045,2.4,3.45e-05,4.03,0.1,0.1,0.6,0.08,0.12,0.05,0.09,7.2e-10,9,1e-05,1,2e-06,574000000.0,20,0.573,1.0,160.9195402,0.779051285,0.85,1.0,50.0,4.0,0.8,0.7854047094285671,17.5,10.2,34.16,2.669080975
52,52_0,COMPLETED,MOO,0.6968016870770221,0.9411308425767513,0.0001,-9947948.299086787,-302443.8503920273,11.688195679258369,6.0,6.0,1.0,0.28,0.08,0.28,0.8,0.55,0.03,1.5,1.94e-07,14.5,0.47,0.045,2.4,3.45e-05,4.03,0.1,0.1,0.6,0.08,0.12,0.05,0.09,7.2e-10,9,1e-05,1,2e-06,574000000.0,20,0.573,1.0,160.9195402,0.779051285,0.85,1.0,50.0,4.0,0.8,0.7854047094285671,17.5,10.2,34.16,2.669080975
53,53_0,COMPLETED,MOO,0.736316786848185,0.9441111167791215,0.0001,-8180227.565874761,-1724637.158875594,20.0,6.0,6.0,1.0,0.28,0.08,0.28,0.8,0.55,0.03,1.5,1.94e-07,14.5,0.47,0.045,2.4,3.45e-05,4.03,0.1,0.1,0.6,0.08,0.12,0.05,0.09,7.2e-10,9,1e-05,1,2e-06,574000000.0,20,0.573,1.0,160.9195402,0.779051285,0.85,1.0,50.0,4.0,0.8,0.7854047094285671,17.5,10.2,34.16,2.669080975
54,54_0,COMPLETED,MOO,0.6969047511899584,0.9374884133628668,0.0001,-8221684.203418801,-337370.0373796965,4.127282749489822,6.0,6.0,1.0,0.28,0.08,0.28,0.8,0.55,0.03,1.5,1.94e-07,14.5,0.47,0.045,2.4,3.45e-05,4.03,0.1,0.1,0.6,0.08,0.12,0.05,0.09,7.2e-10,9,1e-05,1,2e-06,574000000.0,20,0.573,1.0,160.9195402,0.779051285,0.85,1.0,50.0,4.0,0.8,0.7854047094285671,17.5,10.2,34.16,2.669080975
55,55_0,COMPLETED,MOO,0.6783118853636092,0.9547637035013334,8.559248455982731e-05,-6555679.7662915345,-261290.357128768,12.355469200253365,6.0,6.0,1.0,0.28,0.08,0.28,0.8,0.55,0.03,1.5,1.94e-07,14.5,0.47,0.045,2.4,3.45e-05,4.03,0.1,0.1,0.6,0.08,0.12,0.05,0.09,7.2e-10,9,1e-05,1,2e-06,574000000.0,20,0.573,1.0,160.9195402,0.779051285,0.85,1.0,50.0,4.0,0.8,0.7854047094285671,17.5,10.2,34.16,2.669080975
56,56_0,COMPLETED,MOO,0.7371387523037211,0.9480135906736511,8.596994869407447e-05,-7548429.326090745,-1411873.563864606,20.0,6.0,6.0,1.0,0.28,0.08,0.28,0.8,0.55,0.03,1.5,1.94e-07,14.5,0.47,0.045,2.4,3.45e-05,4.03,0.1,0.1,0.6,0.08,0.12,0.05,0.09,7.2e-10,9,1e-05,1,2e-06,574000000.0,20,0.573,1.0,160.9195402,0.779051285,0.85,1.0,50.0,4.0,0.8,0.7854047094285671,17.5,10.2,34.16,2.669080975
57,57_0,COMPLETED,MOO,0.6623486922936149,0.997567508742351,9.674172733719794e-05,-8955472.760557499,-160431.60612046253,7.274431835884887,6.0,6.0,1.0,0.28,0.08,0.28,0.8,0.55,0.03,1.5,1.94e-07,14.5,0.47,0.045,2.4,3.45e-05,4.03,0.1,0.1,0.6,0.08,0.12,0.05,0.09,7.2e-10,9,1e-05,1,2e-06,574000000.0,20,0.573,1.0,160.9195402,0.779051285,0.85,1.0,50.0,4.0,0.8,0.7854047094285671,17.5,10.2,34.16,2.669080975
58,58_0,COMPLETED,MOO,0.7049263741683277,0.9406914917662683,0.0001,-15000000.0,-330112.01799528743,11.364814777996326,6.0,6.0,1.0,0.28,0.08,0.28,0.8,0.55,0.03,1.5,1.94e-07,14.5,0.47,0.045,2.4,3.45e-05,4.03,0.1,0.1,0.6,0.08,0.12,0.05,0.09,7.2e-10,9,1e-05,1,2e-06,574000000.0,20,0.573,1.0,160.9195402,0.779051285,0.85,1.0,50.0,4.0,0.8,0.7854047094285671,17.5,10.2,34.16,2.669080975
59,59_0,COMPLETED,MOO,0.7363163758151655,0.9441110720604933,0.0001,-6974033.425179505,-1220079.4790895088,10.385331173899102,6.0,6.0,1.0,0.28,0.08,0.28,0.8,0.55,0.03,1.5,1.94e-07,14.5,0.47,0.045,2.4,3.45e-05,4.03,0.1,0.1,0.6,0.08,0.12,0.05,0.09,7.2e-10,9,1e-05,1,2e-06,574000000.0,20,0.573,1.0,160.9195402,0.779051285,0.85,1.0,50.0,4.0,0.8,0.7854047094285671,17.5,10.2,34.16,2.669080975
60,60_0,COMPLETED,MOO,0.6609650965493804,0.9803872913951848,9.217418516181436e-05,-7714148.603085403,-187503.08031371888,9.291017278061576,6.0,6.0,1.0,0.28,0.08,0.28,0.8,0.55,0.03,1.5,1.94e-07,14.5,0.47,0.045,2.4,3.45e-05,4.03,0.1,0.1,0.6,0.08,0.12,0.05,0.09,7.2e-10,9,1e-05,1,2e-06,574000000.0,20,0.573,1.0,160.9195402,0.779051285,0.85,1.0,50.0,4.0,0.8,0.7854047094285671,17.5,10.2,34.16,2.669080975
61,61_0,COMPLETED,MOO,0.6791441926370205,0.9428540144970139,0.0001,-9708365.063218422,-254239.42757906183,6.819115936684929,6.0,6.0,1.0,0.28,0.08,0.28,0.8,0.55,0.03,1.5,1.94e-07,14.5,0.47,0.045,2.4,3.45e-05,4.03,0.1,0.1,0.6,0.08,0.12,0.05,0.09,7.2e-10,9,1e-05,1,2e-06,574000000.0,20,0.573,1.0,160.9195402,0.779051285,0.85,1.0,50.0,4.0,0.8,0.7854047094285671,17.5,10.2,34.16,2.669080975
62,62_0,COMPLETED,MOO,0.6623792242955766,1.0100638846194188,8.88806757656562e-05,-7813123.962276279,-157808.3255591069,9.005231801744399,6.0,6.0,1.0,0.28,0.08,0.28,0.8,0.55,0.03,1.5,1.94e-07,14.5,0.47,0.045,2.4,3.45e-05,4.03,0.1,0.1,0.6,0.08,0.12,0.05,0.09,7.2e-10,9,1e-05,1,2e-06,574000000.0,20,0.573,1.0,160.9195402,0.779051285,0.85,1.0,50.0,4.0,0.8,0.7854047094285671,17.5,10.2,34.16,2.669080975
63,63_0,COMPLETED,MOO,0.6641646014416421,0.9634299741692375,9.57942261507313e-05,-8239249.517056386,-205019.75940900343,8.795102238015858,6.0,6.0,1.0,0.28,0.08,0.28,0.8,0.55,0.03,1.5,1.94e-07,14.5,0.47,0.045,2.4,3.45e-05,4.03,0.1,0.1,0.6,0.08,0.12,0.05,0.09,7.2e-10,9,1e-05,1,2e-06,574000000.0,20,0.573,1.0,160.9195402,0.779051285,0.85,1.0,50.0,4.0,0.8,0.7854047094285671,17.5,10.2,34.16,2.669080975
64,64_0,COMPLETED,MOO,0.6895596578471659,0.938922536906922,0.0001,-10113749.59440506,-294681.6518673266,5.628104490894957,6.0,6.0,1.0,0.28,0.08,0.28,0.8,0.55,0.03,1.5,1.94e-07,14.5,0.47,0.045,2.4,3.45e-05,4.03,0.1,0.1,0.6,0.08,0.12,0.05,0.09,7.2e-10,9,1e-05,1,2e-06,574000000.0,20,0.573,1.0,160.9195402,0.779051285,0.85,1.0,50.0,4.0,0.8,0.7854047094285671,17.5,10.2,34.16,2.669080975
65,65_0,COMPLETED,MOO,0.6726522122899393,0.94713150201411,0.0001,-8971097.546327366,-233518.1680576466,7.892241747018269,6.0,6.0,1.0,0.28,0.08,0.28,0.8,0.55,0.03,1.5,1.94e-07,14.5,0.47,0.045,2.4,3.45e-05,4.03,0.1,0.1,0.6,0.08,0.12,0.05,0.09,7.2e-10,9,1e-05,1,2e-06,574000000.0,20,0.573,1.0,160.9195402,0.779051285,0.85,1.0,50.0,4.0,0.8,0.7854047094285671,17.5,10.2,34.16,2.669080975
66,66_0,COMPLETED,MOO,0.6617890002422897,0.9950888298301522,0.0001,-7798545.6548868,-156030.9809210063,9.346005866121576,6.0,6.0,1.0,0.28,0.08,0.28,0.8,0.55,0.03,1.5,1.94e-07,14.5,0.47,0.045,2.4,3.45e-05,4.03,0.1,0.1,0.6,0.08,0.12,0.05,0.09,7.2e-10,9,1e-05,1,2e-06,574000000.0,20,0.573,1.0,160.9195402,0.779051285,0.85,1.0,50.0,4.0,0.8,0.7854047094285671,17.5,10.2,34.16,2.669080975
67,67_0,COMPLETED,MOO,0.6664563854875456,0.954681376269171,0.0001,-8867967.408580977,-212597.29344427865,8.463596702023004,6.0,6.0,1.0,0.28,0.08,0.28,0.8,0.55,0.03,1.5,1.94e-07,14.5,0.47,0.045,2.4,3.45e-05,4.03,0.1,0.1,0.6,0.08,0.12,0.05,0.09,7.2e-10,9,1e-05,1,2e-06,574000000.0,20,0.573,1.0,160.9195402,0.779051285,0.85,1.0,50.0,4.0,0.8,0.7854047094285671,17.5,10.2,34.16,2.669080975
68,68_0,COMPLETED,MOO,0.6764423879293056,0.9492459533752969,9.322078515132498e-05,-8067591.545769658,-249831.54842987307,7.889118902577293,6.0,6.0,1.0,0.28,0.08,0.28,0.8,0.55,0.03,1.5,1.94e-07,14.5,0.47,0.045,2.4,3.45e-05,4.03,0.1,0.1,0.6,0.08,0.12,0.05,0.09,7.2e-10,9,1e-05,1,2e-06,574000000.0,20,0.573,1.0,160.9195402,0.779051285,0.85,1.0,50.0,4.0,0.8,0.7854047094285671,17.5,10.2,34.16,2.669080975
69,69_0,COMPLETED,MOO,0.6607353344403645,0.9943797796669972,8.957829865207103e-05,-7475846.223645832,-175730.1147331833,9.008208154291044,6.0,6.0,1.0,0.28,0.08,0.28,0.8,0.55,0.03,1.5,1.94e-07,14.5,0.47,0.045,2.4,3.45e-05,4.03,0.1,0.1,0.6,0.08,0.12,0.05,0.09,7.2e-10,9,1e-05,1,2e-06,574000000.0,20,0.573,1.0,160.9195402,0.779051285,0.85,1.0,50.0,4.0,0.8,0.7854047094285671,17.5,10.2,34.16,2.669080975
70,70_0,COMPLETED,MOO,0.6794247410974052,0.9461680034109984,9.613448310815008e-05,-12728944.143387174,-257081.36973759066,11.912891905569305,6.0,6.0,1.0,0.28,0.08,0.28,0.8,0.55,0.03,1.5,1.94e-07,14.5,0.47,0.045,2.4,3.45e-05,4.03,0.1,0.1,0.6,0.08,0.12,0.05,0.09,7.2e-10,9,1e-05,1,2e-06,574000000.0,20,0.573,1.0,160.9195402,0.779051285,0.85,1.0,50.0,4.0,0.8,0.7854047094285671,17.5,10.2,34.16,2.669080975
71,71_0,COMPLETED,MOO,0.6694088982637194,0.9516776065604606,9.675693160321535e-05,-9413094.399120197,-227572.7863179301,9.977187657241108,6.0,6.0,1.0,0.28,0.08,0.28,0.8,0.55,0.03,1.5,1.94e-07,14.5,0.47,0.045,2.4,3.45e-05,4.03,0.1,0.1,0.6,0.08,0.12,0.05,0.09,7.2e-10,9,1e-05,1,2e-06,574000000.0,20,0.573,1.0,160.9195402,0.779051285,0.85,1.0,50.0,4.0,0.8,0.7854047094285671,17.5,10.2,34.16,2.669080975
72,72_0,COMPLETED,MOO,0.6765812176457991,0.9446251569878745,9.919461805918064e-05,-10000104.182322629,-248040.44857732998,9.70596943304951,6.0,6.0,1.0,0.28,0.08,0.28,0.8,0.55,0.03,1.5,1.94e-07,14.5,0.47,0.045,2.4,3.45e-05,4.03,0.1,0.1,0.6,0.08,0.12,0.05,0.09,7.2e-10,9,1e-05,1,2e-06,574000000.0,20,0.573,1.0,160.9195402,0.779051285,0.85,1.0,50.0,4.0,0.8,0.7854047094285671,17.5,10.2,34.16,2.669080975
73,73_0,COMPLETED,MOO,0.6617357145608189,0.9704274613929826,9.404848283630244e-05,-8525551.200678686,-196891.06417564303,9.893729996115509,6.0,6.0,1.0,0.28,0.08,0.28,0.8,0.55,0.03,1.5,1.94e-07,14.5,0.47,0.045,2.4,3.45e-05,4.03,0.1,0.1,0.6,0.08,0.12,0.05,0.09,7.2e-10,9,1e-05,1,2e-06,574000000.0,20,0.573,1.0,160.9195402,0.779051285,0.85,1.0,50.0,4.0,0.8,0.7854047094285671,17.5,10.2,34.16,2.669080975
74,74_0,COMPLETED,MOO,0.6696489646805426,0.9485523741764874,0.0001,-14240545.383598601,-229324.34381596814,17.35970327128361,6.0,6.0,1.0,0.28,0.08,0.28,0.8,0.55,0.03,1.5,1.94e-07,14.5,0.47,0.045,2.4,3.45e-05,4.03,0.1,0.1,0.6,0.08,0.12,0.05,0.09,7.2e-10,9,1e-05,1,2e-06,574000000.0,20,0.573,1.0,160.9195402,0.779051285,0.85,1.0,50.0,4.0,0.8,0.7854047094285671,17.5,10.2,34.16,2.669080975
75,75_0,COMPLETED,MOO,0.6626976984428278,0.9583570825155279,0.0001,-4225508.837708283,-203922.5889256203,10.932384472644944,6.0,6.0,1.0,0.28,0.08,0.28,0.8,0.55,0.03,1.5,1.94e-07,14.5,0.47,0.045,2.4,3.45e-05,4.03,0.1,0.1,0.6,0.08,0.12,0.05,0.09,7.2e-10,9,1e-05,1,2e-06,574000000.0,20,0.573,1.0,160.9195402,0.779051285,0.85,1.0,50.0,4.0,0.8,0.7854047094285671,17.5,10.2,34.16,2.669080975
76,76_0,COMPLETED,MOO,0.6637502342859073,0.9540213200179405,0.0001,-12783494.931662979,-211874.19094185065,14.253241387973533,6.0,6.0,1.0,0.28,0.08,0.28,0.8,0.55,0.03,1.5,1.94e-07,14.5,0.47,0.045,2.4,3.45e-05,4.03,0.1,0.1,0.6,0.08,0.12,0.05,0.09,7.2e-10,9,1e-05,1,2e-06,574000000.0,20,0.573,1.0,160.9195402,0.779051285,0.85,1.0,50.0,4.0,0.8,0.7854047094285671,17.5,10.2,34.16,2.669080975
77,77_0,COMPLETED,MOO,0.669928024764726,0.9826414413342912,6.914226571230189e-05,-15000000.0,-247782.7754950109,12.581159277144355,6.0,6.0,1.0,0.28,0.08,0.28,0.8,0.55,0.03,1.5,1.94e-07,14.5,0.47,0.045,2.4,3.45e-05,4.03,0.1,0.1,0.6,0.08,0.12,0.05,0.09,7.2e-10,9,1e-05,1,2e-06,574000000.0,20,0.573,1.0,160.9195402,0.779051285,0.85,1.0,50.0,4.0,0.8,0.7854047094285671,17.5,10.2,34.16,2.669080975
78,78_0,COMPLETED,MOO,0.6676083306852938,0.9634344784621469,8.499681476968249e-05,-15000000.0,-231717.73558554985,20.0,6.0,6.0,1.0,0.28,0.08,0.28,0.8,0.55,0.03,1.5,1.94e-07,14.5,0.47,0.045,2.4,3.45e-05,4.03,0.1,0.1,0.6,0.08,0.12,0.05,0.09,7.2e-10,9,1e-05,1,2e-06,574000000.0,20,0.573,1.0,160.9195402,0.779051285,0.85,1.0,50.0,4.0,0.8,0.7854047094285671,17.5,10.2,34.16,2.669080975
79,79_0,COMPLETED,MOO,0.6625628559135625,0.9590404446885936,0.0001,-8847410.840901386,-202756.5921539734,10.679325958335678,6.0,6.0,1.0,0.28,0.08,0.28,0.8,0.55,0.03,1.5,1.94e-07,14.5,0.47,0.045,2.4,3.45e-05,4.03,0.1,0.1,0.6,0.08,0.12,0.05,0.09,7.2e-10,9,1e-05,1,2e-06,574000000.0,20,0.573,1.0,160.9195402,0.779051285,0.85,1.0,50.0,4.0,0.8,0.7854047094285671,17.5,10.2,34.16,2.669080975
80,80_0,COMPLETED,MOO,0.7291038598130444,1.0943368013900012,0.0001,-8927820.691588484,-293040.7402215074,0.1,6.0,6.0,1.0,0.28,0.08,0.28,0.8,0.55,0.03,1.5,1.94e-07,14.5,0.47,0.045,2.4,3.45e-05,4.03,0.1,0.1,0.6,0.08,0.12,0.05,0.09,7.2e-10,9,1e-05,1,2e-06,574000000.0,20,0.573,1.0,160.9195402,0.779051285,0.85,1.0,50.0,4.0,0.8,0.7854047094285671,17.5,10.2,34.16,2.669080975
81,81_0,COMPLETED,MOO,0.7322994729223161,1.1811222401261112,0.0001,-150000.0,-153722.26710503525,0.1,6.0,6.0,1.0,0.28,0.08,0.28,0.8,0.55,0.03,1.5,1.94e-07,14.5,0.47,0.045,2.4,3.45e-05,4.03,0.1,0.1,0.6,0.08,0.12,0.05,0.09,7.2e-10,9,1e-05,1,2e-06,574000000.0,20,0.573,1.0,160.9195402,0.779051285,0.85,1.0,50.0,4.0,0.8,0.7854047094285671,17.5,10.2,34.16,2.669080975
82,82_0,COMPLETED,MOO,0.679089596365006,0.945945094453173,0.0001,-15000000.0,-249875.35475367354,20.0,6.0,6.0,1.0,0.28,0.08,0.28,0.8,0.55,0.03,1.5,1.94e-07,14.5,0.47,0.045,2.4,3.45e-05,4.03,0.1,0.1,0.6,0.08,0.12,0.05,0.09,7.2e-10,9,1e-05,1,2e-06,574000000.0,20,0.573,1.0,160.9195402,0.779051285,0.85,1.0,50.0,4.0,0.8,0.7854047094285671,17.5,10.2,34.16,2.669080975
83,83_0,COMPLETED,MOO,0.6592558225987744,0.9716567453828632,0.0001,-8332355.790825996,-183702.52726956503,11.341186869979333,6.0,6.0,1.0,0.28,0.08,0.28,0.8,0.55,0.03,1.5,1.94e-07,14.5,0.47,0.045,2.4,3.45e-05,4.03,0.1,0.1,0.6,0.08,0.12,0.05,0.09,7.2e-10,9,1e-05,1,2e-06,574000000.0,20,0.573,1.0,160.9195402,0.779051285,0.85,1.0,50.0,4.0,0.8,0.7854047094285671,17.5,10.2,34.16,2.669080975
84,84_0,COMPLETED,MOO,0.6574638622832473,0.9719103605513969,0.0001,-14526068.862432197,-180724.0385011807,20.0,6.0,6.0,1.0,0.28,0.08,0.28,0.8,0.55,0.03,1.5,1.94e-07,14.5,0.47,0.045,2.4,3.45e-05,4.03,0.1,0.1,0.6,0.08,0.12,0.05,0.09,7.2e-10,9,1e-05,1,2e-06,574000000.0,20,0.573,1.0,160.9195402,0.779051285,0.85,1.0,50.0,4.0,0.8,0.7854047094285671,17.5,10.2,34.16,2.669080975
85,85_0,COMPLETED,MOO,0.6913056423713143,0.9444187746235436,0.0001,-13519605.085766636,-275538.15687484527,20.0,6.0,6.0,1.0,0.28,0.08,0.28,0.8,0.55,0.03,1.5,1.94e-07,14.5,0.47,0.045,2.4,3.45e-05,4.03,0.1,0.1,0.6,0.08,0.12,0.05,0.09,7.2e-10,9,1e-05,1,2e-06,574000000.0,20,0.573,1.0,160.9195402,0.779051285,0.85,1.0,50.0,4.0,0.8,0.7854047094285671,17.5,10.2,34.16,2.669080975
86,86_0,COMPLETED,MOO,0.6585259586839449,0.9846472670488237,8.921990294668349e-05,-13379478.222579604,-184957.13397256425,15.981588776666232,6.0,6.0,1.0,0.28,0.08,0.28,0.8,0.55,0.03,1.5,1.94e-07,14.5,0.47,0.045,2.4,3.45e-05,4.03,0.1,0.1,0.6,0.08,0.12,0.05,0.09,7.2e-10,9,1e-05,1,2e-06,574000000.0,20,0.573,1.0,160.9195402,0.779051285,0.85,1.0,50.0,4.0,0.8,0.7854047094285671,17.5,10.2,34.16,2.669080975
87,87_0,COMPLETED,MOO,0.6655391455262971,0.9513884554203899,0.0001,-11330229.053966636,-218786.26962253754,20.0,6.0,6.0,1.0,0.28,0.08,0.28,0.8,0.55,0.03,1.5,1.94e-07,14.5,0.47,0.045,2.4,3.45e-05,4.03,0.1,0.1,0.6,0.08,0.12,0.05,0.09,7.2e-10,9,1e-05,1,2e-06,574000000.0,20,0.573,1.0,160.9195402,0.779051285,0.85,1.0,50.0,4.0,0.8,0.7854047094285671,17.5,10.2,34.16,2.669080975
88,88_0,COMPLETED,MOO,0.6826900583739047,0.9417252036263385,0.0001,-5328479.923979124,-265914.8382897971,9.019986774141596,6.0,6.0,1.0,0.28,0.08,0.28,0.8,0.55,0.03,1.5,1.94e-07,14.5,0.47,0.045,2.4,3.45e-05,4.03,0.1,0.1,0.6,0.08,0.12,0.05,0.09,7.2e-10,9,1e-05,1,2e-06,574000000.0,20,0.573,1.0,160.9195402,0.779051285,0.85,1.0,50.0,4.0,0.8,0.7854047094285671,17.5,10.2,34.16,2.669080975
89,89_0,COMPLETED,MOO,0.6768032689325619,0.9457716745052022,0.0001,-4792540.53620958,-246160.33081301418,16.60784793199302,6.0,6.0,1.0,0.28,0.08,0.28,0.8,0.55,0.03,1.5,1.94e-07,14.5,0.47,0.045,2.4,3.45e-05,4.03,0.1,0.1,0.6,0.08,0.12,0.05,0.09,7.2e-10,9,1e-05,1,2e-06,574000000.0,20,0.573,1.0,160.9195402,0.779051285,0.85,1.0,50.0,4.0,0.8,0.7854047094285671,17.5,10.2,34.16,2.669080975
90,90_0,COMPLETED,MOO,0.6600150708265443,1.0220885014630545,6.802238302872584e-05,-15000000.0,-190727.6535122022,17.64101411564786,6.0,6.0,1.0,0.28,0.08,0.28,0.8,0.55,0.03,1.5,1.94e-07,14.5,0.47,0.045,2.4,3.45e-05,4.03,0.1,0.1,0.6,0.08,0.12,0.05,0.09,7.2e-10,9,1e-05,1,2e-06,574000000.0,20,0.573,1.0,160.9195402,0.779051285,0.85,1.0,50.0,4.0,0.8,0.7854047094285671,17.5,10.2,34.16,2.669080975
91,91_0,COMPLETED,MOO,0.6907625835747822,0.9387667878413887,0.0001,-6116513.399686877,-299109.70917943656,5.9368806599477715,6.0,6.0,1.0,0.28,0.08,0.28,0.8,0.55,0.03,1.5,1.94e-07,14.5,0.47,0.045,2.4,3.45e-05,4.03,0.1,0.1,0.6,0.08,0.12,0.05,0.09,7.2e-10,9,1e-05,1,2e-06,574000000.0,20,0.573,1.0,160.9195402,0.779051285,0.85,1.0,50.0,4.0,0.8,0.7854047094285671,17.5,10.2,34.16,2.669080975
92,92_0,COMPLETED,MOO,0.666781752099017,1.047829518344048,0.0001,-150000.0,-222545.15545373224,7.209977854717406,6.0,6.0,1.0,0.28,0.08,0.28,0.8,0.55,0.03,1.5,1.94e-07,14.5,0.47,0.045,2.4,3.45e-05,4.03,0.1,0.1,0.6,0.08,0.12,0.05,0.09,7.2e-10,9,1e-05,1,2e-06,574000000.0,20,0.573,1.0,160.9195402,0.779051285,0.85,1.0,50.0,4.0,0.8,0.7854047094285671,17.5,10.2,34.16,2.669080975
93,93_0,COMPLETED,MOO,0.6756844758859157,0.9455309365933804,0.0001,-15000000.0,-244352.52420136984,14.169068105710435,6.0,6.0,1.0,0.28,0.08,0.28,0.8,0.55,0.03,1.5,1.94e-07,14.5,0.47,0.045,2.4,3.45e-05,4.03,0.1,0.1,0.6,0.08,0.12,0.05,0.09,7.2e-10,9,1e-05,1,2e-06,574000000.0,20,0.573,1.0,160.9195402,0.779051285,0.85,1.0,50.0,4.0,0.8,0.7854047094285671,17.5,10.2,34.16,2.669080975
94,94_0,COMPLETED,MOO,0.6607549080531526,0.9602557621676802,0.0001,-15000000.0,-199556.7503441861,13.554341409904891,6.0,6.0,1.0,0.28,0.08,0.28,0.8,0.55,0.03,1.5,1.94e-07,14.5,0.47,0.045,2.4,3.45e-05,4.03,0.1,0.1,0.6,0.08,0.12,0.05,0.09,7.2e-10,9,1e-05,1,2e-06,574000000.0,20,0.573,1.0,160.9195402,0.779051285,0.85,1.0,50.0,4.0,0.8,0.7854047094285671,17.5,10.2,34.16,2.669080975
95,95_0,COMPLETED,MOO,0.6745667480703289,1.2407322970414465,1.4848280283969181e-05,-15000000.0,-193279.29430259205,20.0,6.0,6.0,1.0,0.28,0.08,0.28,0.8,0.55,0.03,1.5,1.94e-07,14.5,0.47,0.045,2.4,3.45e-05,4.03,0.1,0.1,0.6,0.08,0.12,0.05,0.09,7.2e-10,9,1e-05,1,2e-06,574000000.0,20,0.573,1.0,160.9195402,0.779051285,0.85,1.0,50.0,4.0,0.8,0.7854047094285671,17.5,10.2,34.16,2.669080975
96,96_0,COMPLETED,MOO,0.6762937198025237,1.2639621646414108,1.025118803548159e-05,-8670917.648209134,-198137.9233420235,20.0,6.0,6.0,1.0,0.28,0.08,0.28,0.8,0.55,0.03,1.5,1.94e-07,14.5,0.47,0.045,2.4,3.45e-05,4.03,0.1,0.1,0.6,0.08,0.12,0.05,0.09,7.2e-10,9,1e-05,1,2e-06,574000000.0,20,0.573,1.0,160.9195402,0.779051285,0.85,1.0,50.0,4.0,0.8,0.7854047094285671,17.5,10.2,34.16,2.669080975
97,97_0,COMPLETED,MOO,0.6652737728211195,1.1081573190345366,4.449899383619243e-05,-5583383.127483716,-174391.74279944296,20.0,6.0,6.0,1.0,0.28,0.08,0.28,0.8,0.55,0.03,1.5,1.94e-07,14.5,0.47,0.045,2.4,3.45e-05,4.03,0.1,0.1,0.6,0.08,0.12,0.05,0.09,7.2e-10,9,1e-05,1,2e-06,574000000.0,20,0.573,1.0,160.9195402,0.779051285,0.85,1.0,50.0,4.0,0.8,0.7854047094285671,17.5,10.2,34.16,2.669080975
98,98_0,COMPLETED,MOO,0.6850220226847387,0.9434449155288884,0.0001,-5013379.2295336425,-266695.82292151824,14.118763647872429,6.0,6.0,1.0,0.28,0.08,0.28,0.8,0.55,0.03,1.5,1.94e-07,14.5,0.47,0.045,2.4,3.45e-05,4.03,0.1,0.1,0.6,0.08,0.12,0.05,0.09,7.2e-10,9,1e-05,1,2e-06,574000000.0,20,0.573,1.0,160.9195402,0.779051285,0.85,1.0,50.0,4.0,0.8,0.7854047094285671,17.5,10.2,34.16,2.669080975
99,99_0,COMPLETED,MOO,0.6575594200123545,0.9700346032021517,0.0001,-7970915.668996452,-183186.58205017145,20.0,6.0,6.0,1.0,0.28,0.08,0.28,0.8,0.55,0.03,1.5,1.94e-07,14.5,0.47,0.045,2.4,3.45e-05,4.03,0.1,0.1,0.6,0.08,0.12,0.05,0.09,7.2e-10,9,1e-05,1,2e-06,574000000.0,20,0.573,1.0,160.9195402,0.779051285,0.85,1.0,50.0,4.0,0.8,0.7854047094285671,17.5,10.2,34.16,2.669080975
100,100_0,COMPLETED,MOO,0.675665671653217,0.9461816177018981,0.0001,-8729952.96943496,-243420.3335522723,17.16571754622296,6.0,6.0,1.0,0.28,0.08,0.28,0.8,0.55,0.03,1.5,1.94e-07,14.5,0.47,0.045,2.4,3.45e-05,4.03,0.1,0.1,0.6,0.08,0.12,0.05,0.09,7.2e-10,9,1e-05,1,2e-06,574000000.0,20,0.573,1.0,160.9195402,0.779051285,0.85,1.0,50.0,4.0,0.8,0.7854047094285671,17.5,10.2,34.16,2.669080975
101,101_0,COMPLETED,MOO,0.6981570671071767,0.9422705918352838,9.134499657970107e-05,-8209615.716640578,-342791.22460669256,5.105129716240812,6.0,6.0,1.0,0.28,0.08,0.28,0.8,0.55,0.03,1.5,1.94e-07,14.5,0.47,0.045,2.4,3.45e-05,4.03,0.1,0.1,0.6,0.08,0.12,0.05,0.09,7.2e-10,9,1e-05,1,2e-06,574000000.0,20,0.573,1.0,160.9195402,0.779051285,0.85,1.0,50.0,4.0,0.8,0.7854047094285671,17.5,10.2,34.16,2.669080975
102,102_0,COMPLETED,MOO,0.6630717968928393,0.9541913970782147,0.0001,-9242211.554673115,-211034.8690773188,17.561474100893943,6.0,6.0,1.0,0.28,0.08,0.28,0.8,0.55,0.03,1.5,1.94e-07,14.5,0.47,0.045,2.4,3.45e-05,4.03,0.1,0.1,0.6,0.08,0.12,0.05,0.09,7.2e-10,9,1e-05,1,2e-06,574000000.0,20,0.573,1.0,160.9195402,0.779051285,0.85,1.0,50.0,4.0,0.8,0.7854047094285671,17.5,10.2,34.16,2.669080975
103,103_0,COMPLETED,MOO,0.6580780597599848,0.9666941296274382,0.0001,-10632966.342136169,-188135.8627811675,18.526852936418624,6.0,6.0,1.0,0.28,0.08,0.28,0.8,0.55,0.03,1.5,1.94e-07,14.5,0.47,0.045,2.4,3.45e-05,4.03,0.1,0.1,0.6,0.08,0.12,0.05,0.09,7.2e-10,9,1e-05,1,2e-06,574000000.0,20,0.573,1.0,160.9195402,0.779051285,0.85,1.0,50.0,4.0,0.8,0.7854047094285671,17.5,10.2,34.16,2.669080975
104,104_0,COMPLETED,MOO,0.686060249668905,0.9442827614130623,0.0001,-8629036.670200571,-266367.4690377428,17.11437656064608,6.0,6.0,1.0,0.28,0.08,0.28,0.8,0.55,0.03,1.5,1.94e-07,14.5,0.47,0.045,2.4,3.45e-05,4.03,0.1,0.1,0.6,0.08,0.12,0.05,0.09,7.2e-10,9,1e-05,1,2e-06,574000000.0,20,0.573,1.0,160.9195402,0.779051285,0.85,1.0,50.0,4.0,0.8,0.7854047094285671,17.5,10.2,34.16,2.669080975
105,105_0,COMPLETED,MOO,0.6692235470290308,0.9488186385419429,0.0001,-9010401.213722933,-228266.59919505008,17.84049306238958,6.0,6.0,1.0,0.28,0.08,0.28,0.8,0.55,0.03,1.5,1.94e-07,14.5,0.47,0.045,2.4,3.45e-05,4.03,0.1,0.1,0.6,0.08,0.12,0.05,0.09,7.2e-10,9,1e-05,1,2e-06,574000000.0,20,0.573,1.0,160.9195402,0.779051285,0.85,1.0,50.0,4.0,0.8,0.7854047094285671,17.5,10.2,34.16,2.669080975
106,106_0,COMPLETED,MOO,0.664763966265355,1.0371193624238706,0.0001,-150000.0,-232886.18250095565,11.96143290655753,6.0,6.0,1.0,0.28,0.08,0.28,0.8,0.55,0.03,1.5,1.94e-07,14.5,0.47,0.045,2.4,3.45e-05,4.03,0.1,0.1,0.6,0.08,0.12,0.05,0.09,7.2e-10,9,1e-05,1,2e-06,574000000.0,20,0.573,1.0,160.9195402,0.779051285,0.85,1.0,50.0,4.0,0.8,0.7854047094285671,17.5,10.2,34.16,2.669080975
107,107_0,COMPLETED,MOO,0.7129973619809006,0.9542146043910187,7.239719521485007e-05,-10942243.682547975,-479564.3277908687,3.927120969073691,6.0,6.0,1.0,0.28,0.08,0.28,0.8,0.55,0.03,1.5,1.94e-07,14.5,0.47,0.045,2.4,3.45e-05,4.03,0.1,0.1,0.6,0.08,0.12,0.05,0.09,7.2e-10,9,1e-05,1,2e-06,574000000.0,20,0.573,1.0,160.9195402,0.779051285,0.85,1.0,50.0,4.0,0.8,0.7854047094285671,17.5,10.2,34.16,2.669080975
108,108_0,COMPLETED,MOO,0.6818051277397231,0.9451285714996505,0.0001,-8388529.266679911,-256427.54023482255,18.13329725900252,6.0,6.0,1.0,0.28,0.08,0.28,0.8,0.55,0.03,1.5,1.94e-07,14.5,0.47,0.045,2.4,3.45e-05,4.03,0.1,0.1,0.6,0.08,0.12,0.05,0.09,7.2e-10,9,1e-05,1,2e-06,574000000.0,20,0.573,1.0,160.9195402,0.779051285,0.85,1.0,50.0,4.0,0.8,0.7854047094285671,17.5,10.2,34.16,2.669080975
109,109_0,COMPLETED,MOO,0.677749288677158,0.9438947281396696,0.0001,-5953463.6773002315,-250736.43215897516,10.813492438436002,6.0,6.0,1.0,0.28,0.08,0.28,0.8,0.55,0.03,1.5,1.94e-07,14.5,0.47,0.045,2.4,3.45e-05,4.03,0.1,0.1,0.6,0.08,0.12,0.05,0.09,7.2e-10,9,1e-05,1,2e-06,574000000.0,20,0.573,1.0,160.9195402,0.779051285,0.85,1.0,50.0,4.0,0.8,0.7854047094285671,17.5,10.2,34.16,2.669080975
110,110_0,COMPLETED,MOO,0.6848702533718982,0.9420701878121738,0.0001,-5869810.575215066,-270144.11365759466,10.825219772780953,6.0,6.0,1.0,0.28,0.08,0.28,0.8,0.55,0.03,1.5,1.94e-07,14.5,0.47,0.045,2.4,3.45e-05,4.03,0.1,0.1,0.6,0.08,0.12,0.05,0.09,7.2e-10,9,1e-05,1,2e-06,574000000.0,20,0.573,1.0,160.9195402,0.779051285,0.85,1.0,50.0,4.0,0.8,0.7854047094285671,17.5,10.2,34.16,2.669080975
111,111_0,COMPLETED,MOO,0.6864767237447024,0.93983920503,0.0001,-7751019.922441379,-281610.3308862273,5.504612468577063,6.0,6.0,1.0,0.28,0.08,0.28,0.8,0.55,0.03,1.5,1.94e-07,14.5,0.47,0.045,2.4,3.45e-05,4.03,0.1,0.1,0.6,0.08,0.12,0.05,0.09,7.2e-10,9,1e-05,1,2e-06,574000000.0,20,0.573,1.0,160.9195402,0.779051285,0.85,1.0,50.0,4.0,0.8,0.7854047094285671,17.5,10.2,34.16,2.669080975
112,112_0,COMPLETED,MOO,0.6715366619052024,0.9470411980012619,0.0001,-5988619.935021773,-233354.28434749646,10.769066088832197,6.0,6.0,1.0,0.28,0.08,0.28,0.8,0.55,0.03,1.5,1.94e-07,14.5,0.47,0.045,2.4,3.45e-05,4.03,0.1,0.1,0.6,0.08,0.12,0.05,0.09,7.2e-10,9,1e-05,1,2e-06,574000000.0,20,0.573,1.0,160.9195402,0.779051285,0.85,1.0,50.0,4.0,0.8,0.7854047094285671,17.5,10.2,34.16,2.669080975
113,113_0,COMPLETED,MOO,0.6877213089388384,0.9400139292105618,0.0001,-15000000.0,-283881.2568107231,7.663170814574183,6.0,6.0,1.0,0.28,0.08,0.28,0.8,0.55,0.03,1.5,1.94e-07,14.5,0.47,0.045,2.4,3.45e-05,4.03,0.1,0.1,0.6,0.08,0.12,0.05,0.09,7.2e-10,9,1e-05,1,2e-06,574000000.0,20,0.573,1.0,160.9195402,0.779051285,0.85,1.0,50.0,4.0,0.8,0.7854047094285671,17.5,10.2,34.16,2.669080975
114,114_0,COMPLETED,MOO,0.6586363841173882,0.9643648566110647,0.0001,-6941787.946527793,-191803.87679131096,17.60976845387371,6.0,6.0,1.0,0.28,0.08,0.28,0.8,0.55,0.03,1.5,1.94e-07,14.5,0.47,0.045,2.4,3.45e-05,4.03,0.1,0.1,0.6,0.08,0.12,0.05,0.09,7.2e-10,9,1e-05,1,2e-06,574000000.0,20,0.573,1.0,160.9195402,0.779051285,0.85,1.0,50.0,4.0,0.8,0.7854047094285671,17.5,10.2,34.16,2.669080975
115,115_0,COMPLETED,MOO,0.6709621136172691,0.9578028756823523,8.768162701155868e-05,-3746856.120665297,-239349.42969303625,14.689648933876542,6.0,6.0,1.0,0.28,0.08,0.28,0.8,0.55,0.03,1.5,1.94e-07,14.5,0.47,0.045,2.4,3.45e-05,4.03,0.1,0.1,0.6,0.08,0.12,0.05,0.09,7.2e-10,9,1e-05,1,2e-06,574000000.0,20,0.573,1.0,160.9195402,0.779051285,0.85,1.0,50.0,4.0,0.8,0.7854047094285671,17.5,10.2,34.16,2.669080975
116,116_0,COMPLETED,MOO,1.0880759215100737,1.2801578428406397,1e-06,-15000000.0,-598667.5980642058,0.1,6.0,6.0,1.0,0.28,0.08,0.28,0.8,0.55,0.03,1.5,1.94e-07,14.5,0.47,0.045,2.4,3.45e-05,4.03,0.1,0.1,0.6,0.08,0.12,0.05,0.09,7.2e-10,9,1e-05,1,2e-06,574000000.0,20,0.573,1.0,160.9195402,0.779051285,0.85,1.0,50.0,4.0,0.8,0.7854047094285671,17.5,10.2,34.16,2.669080975
117,117_0,COMPLETED,MOO,0.6797544470996687,0.9428932963699247,0.0001,-7540824.28789341,-255299.97103281994,6.147426555019404,6.0,6.0,1.0,0.28,0.08,0.28,0.8,0.55,0.03,1.5,1.94e-07,14.5,0.47,0.045,2.4,3.45e-05,4.03,0.1,0.1,0.6,0.08,0.12,0.05,0.09,7.2e-10,9,1e-05,1,2e-06,574000000.0,20,0.573,1.0,160.9195402,0.779051285,0.85,1.0,50.0,4.0,0.8,0.7854047094285671,17.5,10.2,34.16,2.669080975
118,118_0,COMPLETED,MOO,0.6647221034724827,0.9611022080441887,9.078808517528436e-05,-5162839.962441277,-219169.8856335727,15.930801096823306,6.0,6.0,1.0,0.28,0.08,0.28,0.8,0.55,0.03,1.5,1.94e-07,14.5,0.47,0.045,2.4,3.45e-05,4.03,0.1,0.1,0.6,0.08,0.12,0.05,0.09,7.2e-10,9,1e-05,1,2e-06,574000000.0,20,0.573,1.0,160.9195402,0.779051285,0.85,1.0,50.0,4.0,0.8,0.7854047094285671,17.5,10.2,34.16,2.669080975
119,119_0,COMPLETED,MOO,0.7331723815238862,1.16347109685451,0.0001,-150000.0,-1296091.1207087464,0.1,6.0,6.0,1.0,0.28,0.08,0.28,0.8,0.55,0.03,1.5,1.94e-07,14.5,0.47,0.045,2.4,3.45e-05,4.03,0.1,0.1,0.6,0.08,0.12,0.05,0.09,7.2e-10,9,1e-05,1,2e-06,574000000.0,20,0.573,1.0,160.9195402,0.779051285,0.85,1.0,50.0,4.0,0.8,0.7854047094285671,17.5,10.2,34.16,2.669080975
120,120_0,COMPLETED,MOO,0.6906320691145251,0.9491046804397278,8.475421820596283e-05,-15000000.0,-305229.54507473554,7.721907634887419,6.0,6.0,1.0,0.28,0.08,0.28,0.8,0.55,0.03,1.5,1.94e-07,14.5,0.47,0.045,2.4,3.45e-05,4.03,0.1,0.1,0.6,0.08,0.12,0.05,0.09,7.2e-10,9,1e-05,1,2e-06,574000000.0,20,0.573,1.0,160.9195402,0.779051285,0.85,1.0,50.0,4.0,0.8,0.7854047094285671,17.5,10.2,34.16,2.669080975
121,121_0,COMPLETED,MOO,0.6898315641504841,0.9396193893390348,0.0001,-12621122.13350918,-291536.92130588274,7.522754683687899,6.0,6.0,1.0,0.28,0.08,0.28,0.8,0.55,0.03,1.5,1.94e-07,14.5,0.47,0.045,2.4,3.45e-05,4.03,0.1,0.1,0.6,0.08,0.12,0.05,0.09,7.2e-10,9,1e-05,1,2e-06,574000000.0,20,0.573,1.0,160.9195402,0.779051285,0.85,1.0,50.0,4.0,0.8,0.7854047094285671,17.5,10.2,34.16,2.669080975
122,122_0,COMPLETED,MOO,0.6745615026297633,0.9451396355062397,0.0001,-15000000.0,-241756.8131843831,9.90848258135808,6.0,6.0,1.0,0.28,0.08,0.28,0.8,0.55,0.03,1.5,1.94e-07,14.5,0.47,0.045,2.4,3.45e-05,4.03,0.1,0.1,0.6,0.08,0.12,0.05,0.09,7.2e-10,9,1e-05,1,2e-06,574000000.0,20,0.573,1.0,160.9195402,0.779051285,0.85,1.0,50.0,4.0,0.8,0.7854047094285671,17.5,10.2,34.16,2.669080975
123,123_0,COMPLETED,MOO,0.6846091018711137,0.9443820186075892,0.0001,-15000000.0,-263387.5351370389,16.801433686411684,6.0,6.0,1.0,0.28,0.08,0.28,0.8,0.55,0.03,1.5,1.94e-07,14.5,0.47,0.045,2.4,3.45e-05,4.03,0.1,0.1,0.6,0.08,0.12,0.05,0.09,7.2e-10,9,1e-05,1,2e-06,574000000.0,20,0.573,1.0,160.9195402,0.779051285,0.85,1.0,50.0,4.0,0.8,0.7854047094285671,17.5,10.2,34.16,2.669080975
124,124_0,COMPLETED,MOO,0.6958421357528843,0.9388716341057639,0.0001,-12895377.879925499,-315609.2636025001,7.031005797260592,6.0,6.0,1.0,0.28,0.08,0.28,0.8,0.55,0.03,1.5,1.94e-07,14.5,0.47,0.045,2.4,3.45e-05,4.03,0.1,0.1,0.6,0.08,0.12,0.05,0.09,7.2e-10,9,1e-05,1,2e-06,574000000.0,20,0.573,1.0,160.9195402,0.779051285,0.85,1.0,50.0,4.0,0.8,0.7854047094285671,17.5,10.2,34.16,2.669080975
125,125_0,COMPLETED,MOO,0.90525062365145,1.2767459325059611,1e-06,-994548.5641877614,-709022.8736060087,0.1,6.0,6.0,1.0,0.28,0.08,0.28,0.8,0.55,0.03,1.5,1.94e-07,14.5,0.47,0.045,2.4,3.45e-05,4.03,0.1,0.1,0.6,0.08,0.12,0.05,0.09,7.2e-10,9,1e-05,1,2e-06,574000000.0,20,0.573,1.0,160.9195402,0.779051285,0.85,1.0,50.0,4.0,0.8,0.7854047094285671,17.5,10.2,34.16,2.669080975
126,126_0,COMPLETED,MOO,0.7363167862867676,0.944111114644262,0.0001,-15000000.0,-1140368.7265593219,20.0,6.0,6.0,1.0,0.28,0.08,0.28,0.8,0.55,0.03,1.5,1.94e-07,14.5,0.47,0.045,2.4,3.45e-05,4.03,0.1,0.1,0.6,0.08,0.12,0.05,0.09,7.2e-10,9,1e-05,1,2e-06,574000000.0,20,0.573,1.0,160.9195402,0.779051285,0.85,1.0,50.0,4.0,0.8,0.7854047094285671,17.5,10.2,34.16,2.669080975
127,127_0,COMPLETED,MOO,0.6811503234760877,0.9419376943960761,0.0001,-12766990.885994479,-261604.53076766082,8.285747941870087,6.0,6.0,1.0,0.28,0.08,0.28,0.8,0.55,0.03,1.5,1.94e-07,14.5,0.47,0.045,2.4,3.45e-05,4.03,0.1,0.1,0.6,0.08,0.12,0.05,0.09,7.2e-10,9,1e-05,1,2e-06,574000000.0,20,0.573,1.0,160.9195402,0.779051285,0.85,1.0,50.0,4.0,0.8,0.7854047094285671,17.5,10.2,34.16,2.669080975
128,128_0,COMPLETED,MOO,0.7097973188956074,0.9429110598139029,0.0001,-11032751.093769396,-615370.7282175391,1.1684243814907258,6.0,6.0,1.0,0.28,0.08,0.28,0.8,0.55,0.03,1.5,1.94e-07,14.5,0.47,0.045,2.4,3.45e-05,4.03,0.1,0.1,0.6,0.08,0.12,0.05,0.09,7.2e-10,9,1e-05,1,2e-06,574000000.0,20,0.573,1.0,160.9195402,0.779051285,0.85,1.0,50.0,4.0,0.8,0.7854047094285671,17.5,10.2,34.16,2.669080975
129,129_0,COMPLETED,MOO,0.7164456101572716,0.9381293685294239,0.0001,-12812568.658655759,-564141.5719430984,2.8618663537917057,6.0,6.0,1.0,0.28,0.08,0.28,0.8,0.55,0.03,1.5,1.94e-07,14.5,0.47,0.045,2.4,3.45e-05,4.03,0.1,0.1,0.6,0.08,0.12,0.05,0.09,7.2e-10,9,1e-05,1,2e-06,574000000.0,20,0.573,1.0,160.9195402,0.779051285,0.85,1.0,50.0,4.0,0.8,0.7854047094285671,17.5,10.2,34.16,2.669080975
130,130_0,COMPLETED,MOO,0.6920860393172271,0.9386474387134888,0.0001,-9212509.186518995,-304112.2063605604,6.111424422723379,6.0,6.0,1.0,0.28,0.08,0.28,0.8,0.55,0.03,1.5,1.94e-07,14.5,0.47,0.045,2.4,3.45e-05,4.03,0.1,0.1,0.6,0.08,0.12,0.05,0.09,7.2e-10,9,1e-05,1,2e-06,574000000.0,20,0.573,1.0,160.9195402,0.779051285,0.85,1.0,50.0,4.0,0.8,0.7854047094285671,17.5,10.2,34.16,2.669080975
131,131_0,COMPLETED,MOO,0.6803321107071097,0.9448411682017744,0.0001,-11881919.021022808,-254359.92235006485,16.00744527002942,6.0,6.0,1.0,0.28,0.08,0.28,0.8,0.55,0.03,1.5,1.94e-07,14.5,0.47,0.045,2.4,3.45e-05,4.03,0.1,0.1,0.6,0.08,0.12,0.05,0.09,7.2e-10,9,1e-05,1,2e-06,574000000.0,20,0.573,1.0,160.9195402,0.779051285,0.85,1.0,50.0,4.0,0.8,0.7854047094285671,17.5,10.2,34.16,2.669080975
132,132_0,COMPLETED,MOO,0.6726970115803579,0.9470396866542103,0.0001,-11649019.690718161,-236747.05292185885,16.41601245539904,6.0,6.0,1.0,0.28,0.08,0.28,0.8,0.55,0.03,1.5,1.94e-07,14.5,0.47,0.045,2.4,3.45e-05,4.03,0.1,0.1,0.6,0.08,0.12,0.05,0.09,7.2e-10,9,1e-05,1,2e-06,574000000.0,20,0.573,1.0,160.9195402,0.779051285,0.85,1.0,50.0,4.0,0.8,0.7854047094285671,17.5,10.2,34.16,2.669080975
133,133_0,COMPLETED,MOO,0.6853588797740119,0.9412459129817022,0.0001,-14384388.693690432,-273633.7356952941,9.30119637979158,6.0,6.0,1.0,0.28,0.08,0.28,0.8,0.55,0.03,1.5,1.94e-07,14.5,0.47,0.045,2.4,3.45e-05,4.03,0.1,0.1,0.6,0.08,0.12,0.05,0.09,7.2e-10,9,1e-05,1,2e-06,574000000.0,20,0.573,1.0,160.9195402,0.779051285,0.85,1.0,50.0,4.0,0.8,0.7854047094285671,17.5,10.2,34.16,2.669080975
134,134_0,COMPLETED,MOO,0.6597043156289727,0.962736731934573,0.0001,-4892955.350958861,-195209.81809277995,14.38758136699685,6.0,6.0,1.0,0.28,0.08,0.28,0.8,0.55,0.03,1.5,1.94e-07,14.5,0.47,0.045,2.4,3.45e-05,4.03,0.1,0.1,0.6,0.08,0.12,0.05,0.09,7.2e-10,9,1e-05,1,2e-06,574000000.0,20,0.573,1.0,160.9195402,0.779051285,0.85,1.0,50.0,4.0,0.8,0.7854047094285671,17.5,10.2,34.16,2.669080975
135,135_0,COMPLETED,MOO,0.6819354619343911,0.9415585909135814,0.0001,-6734936.610186753,-264279.4334567266,7.868326448831805,6.0,6.0,1.0,0.28,0.08,0.28,0.8,0.55,0.03,1.5,1.94e-07,14.5,0.47,0.045,2.4,3.45e-05,4.03,0.1,0.1,0.6,0.08,0.12,0.05,0.09,7.2e-10,9,1e-05,1,2e-06,574000000.0,20,0.573,1.0,160.9195402,0.779051285,0.85,1.0,50.0,4.0,0.8,0.7854047094285671,17.5,10.2,34.16,2.669080975
136,136_0,COMPLETED,MOO,0.6830761445768956,1.3071136821522595,1e-06,-150000.0,-503889.9436438859,20.0,6.0,6.0,1.0,0.28,0.08,0.28,0.8,0.55,0.03,1.5,1.94e-07,14.5,0.47,0.045,2.4,3.45e-05,4.03,0.1,0.1,0.6,0.08,0.12,0.05,0.09,7.2e-10,9,1e-05,1,2e-06,574000000.0,20,0.573,1.0,160.9195402,0.779051285,0.85,1.0,50.0,4.0,0.8,0.7854047094285671,17.5,10.2,34.16,2.669080975
137,137_0,COMPLETED,MOO,0.692373152589029,1.2959102444011046,1e-06,-15000000.0,-532768.5822334928,20.0,6.0,6.0,1.0,0.28,0.08,0.28,0.8,0.55,0.03,1.5,1.94e-07,14.5,0.47,0.045,2.4,3.45e-05,4.03,0.1,0.1,0.6,0.08,0.12,0.05,0.09,7.2e-10,9,1e-05,1,2e-06,574000000.0,20,0.573,1.0,160.9195402,0.779051285,0.85,1.0,50.0,4.0,0.8,0.7854047094285671,17.5,10.2,34.16,2.669080975
138,138_0,COMPLETED,MOO,0.7363179069122948,0.9441156130923298,0.0001,-4352895.773429388,-1762819.2468560573,11.107149710943343,6.0,6.0,1.0,0.28,0.08,0.28,0.8,0.55,0.03,1.5,1.94e-07,14.5,0.47,0.045,2.4,3.45e-05,4.03,0.1,0.1,0.6,0.08,0.12,0.05,0.09,7.2e-10,9,1e-05,1,2e-06,574000000.0,20,0.573,1.0,160.9195402,0.779051285,0.85,1.0,50.0,4.0,0.8,0.7854047094285671,17.5,10.2,34.16,2.669080975
139,139_0,COMPLETED,MOO,0.7363167862447185,0.9441111146859669,0.0001,-10059105.157224797,-1604444.7775705648,14.360737465416856,6.0,6.0,1.0,0.28,0.08,0.28,0.8,0.55,0.03,1.5,1.94e-07,14.5,0.47,0.045,2.4,3.45e-05,4.03,0.1,0.1,0.6,0.08,0.12,0.05,0.09,7.2e-10,9,1e-05,1,2e-06,574000000.0,20,0.573,1.0,160.9195402,0.779051285,0.85,1.0,50.0,4.0,0.8,0.7854047094285671,17.5,10.2,34.16,2.669080975
140,140_0,COMPLETED,MOO,0.6680534186093655,0.9496487264264771,0.0001,-11166306.333795547,-224099.32577008195,12.352232200320548,6.0,6.0,1.0,0.28,0.08,0.28,0.8,0.55,0.03,1.5,1.94e-07,14.5,0.47,0.045,2.4,3.45e-05,4.03,0.1,0.1,0.6,0.08,0.12,0.05,0.09,7.2e-10,9,1e-05,1,2e-06,574000000.0,20,0.573,1.0,160.9195402,0.779051285,0.85,1.0,50.0,4.0,0.8,0.7854047094285671,17.5,10.2,34.16,2.669080975
141,141_0,COMPLETED,MOO,0.7294208609470528,1.0817279260324608,0.0001,-4187395.936974695,-838455.3740244466,0.1,6.0,6.0,1.0,0.28,0.08,0.28,0.8,0.55,0.03,1.5,1.94e-07,14.5,0.47,0.045,2.4,3.45e-05,4.03,0.1,0.1,0.6,0.08,0.12,0.05,0.09,7.2e-10,9,1e-05,1,2e-06,574000000.0,20,0.573,1.0,160.9195402,0.779051285,0.85,1.0,50.0,4.0,0.8,0.7854047094285671,17.5,10.2,34.16,2.669080975
142,142_0,COMPLETED,MOO,0.6946730660317083,0.9379038500520469,0.0001,-7071399.128388711,-320427.414537197,4.942814507543591,6.0,6.0,1.0,0.28,0.08,0.28,0.8,0.55,0.03,1.5,1.94e-07,14.5,0.47,0.045,2.4,3.45e-05,4.03,0.1,0.1,0.6,0.08,0.12,0.05,0.09,7.2e-10,9,1e-05,1,2e-06,574000000.0,20,0.573,1.0,160.9195402,0.779051285,0.85,1.0,50.0,4.0,0.8,0.7854047094285671,17.5,10.2,34.16,2.669080975
143,143_0,COMPLETED,MOO,0.7363167861569573,0.9441111146253778,0.0001,-15000000.0,-1619276.3232936817,13.816121011743851,6.0,6.0,1.0,0.28,0.08,0.28,0.8,0.55,0.03,1.5,1.94e-07,14.5,0.47,0.045,2.4,3.45e-05,4.03,0.1,0.1,0.6,0.08,0.12,0.05,0.09,7.2e-10,9,1e-05,1,2e-06,574000000.0,20,0.573,1.0,160.9195402,0.779051285,0.85,1.0,50.0,4.0,0.8,0.7854047094285671,17.5,10.2,34.16,2.669080975
144,144_0,COMPLETED,MOO,0.7406518798692925,1.286123160346065,1e-06,-15000000.0,-996634.5402773597,20.0,6.0,6.0,1.0,0.28,0.08,0.28,0.8,0.55,0.03,1.5,1.94e-07,14.5,0.47,0.045,2.4,3.45e-05,4.03,0.1,0.1,0.6,0.08,0.12,0.05,0.09,7.2e-10,9,1e-05,1,2e-06,574000000.0,20,0.573,1.0,160.9195402,0.779051285,0.85,1.0,50.0,4.0,0.8,0.7854047094285671,17.5,10.2,34.16,2.669080975
145,145_0,COMPLETED,MOO,0.7017423306576519,1.3057571197968898,1e-06,-150000.0,-757106.9927603877,20.0,6.0,6.0,1.0,0.28,0.08,0.28,0.8,0.55,0.03,1.5,1.94e-07,14.5,0.47,0.045,2.4,3.45e-05,4.03,0.1,0.1,0.6,0.08,0.12,0.05,0.09,7.2e-10,9,1e-05,1,2e-06,574000000.0,20,0.573,1.0,160.9195402,0.779051285,0.85,1.0,50.0,4.0,0.8,0.7854047094285671,17.5,10.2,34.16,2.669080975
146,146_0,COMPLETED,MOO,0.6777004136159351,1.3054937272607208,1e-06,-150000.0,-400788.2197610196,20.0,6.0,6.0,1.0,0.28,0.08,0.28,0.8,0.55,0.03,1.5,1.94e-07,14.5,0.47,0.045,2.4,3.45e-05,4.03,0.1,0.1,0.6,0.08,0.12,0.05,0.09,7.2e-10,9,1e-05,1,2e-06,574000000.0,20,0.573,1.0,160.9195402,0.779051285,0.85,1.0,50.0,4.0,0.8,0.7854047094285671,17.5,10.2,34.16,2.669080975
147,147_0,COMPLETED,MOO,0.6768609461991991,0.9439771588128579,0.0001,-8077852.111775064,-248418.61393090454,9.765388757431808,6.0,6.0,1.0,0.28,0.08,0.28,0.8,0.55,0.03,1.5,1.94e-07,14.5,0.47,0.045,2.4,3.45e-05,4.03,0.1,0.1,0.6,0.08,0.12,0.05,0.09,7.2e-10,9,1e-05,1,2e-06,574000000.0,20,0.573,1.0,160.9195402,0.779051285,0.85,1.0,50.0,4.0,0.8,0.7854047094285671,17.5,10.2,34.16,2.669080975
148,148_0,COMPLETED,MOO,0.6838153150355378,0.9452642795929902,0.0001,-10215500.343950741,-259680.17141975183,20.0,6.0,6.0,1.0,0.28,0.08,0.28,0.8,0.55,0.03,1.5,1.94e-07,14.5,0.47,0.045,2.4,3.45e-05,4.03,0.1,0.1,0.6,0.08,0.12,0.05,0.09,7.2e-10,9,1e-05,1,2e-06,574000000.0,20,0.573,1.0,160.9195402,0.779051285,0.85,1.0,50.0,4.0,0.8,0.7854047094285671,17.5,10.2,34.16,2.669080975
149,149_0,COMPLETED,MOO,0.6931618419534593,0.9467309234306864,9.316533271912571e-05,-4995103.389693635,-289148.86179855536,16.340241568644764,6.0,6.0,1.0,0.28,0.08,0.28,0.8,0.55,0.03,1.5,1.94e-07,14.5,0.47,0.045,2.4,3.45e-05,4.03,0.1,0.1,0.6,0.08,0.12,0.05,0.09,7.2e-10,9,1e-05,1,2e-06,574000000.0,20,0.573,1.0,160.9195402,0.779051285,0.85,1.0,50.0,4.0,0.8,0.7854047094285671,17.5,10.2,34.16,2.669080975
150,150_0,COMPLETED,MOO,0.7363167808817067,0.9441111139672292,0.0001,-15000000.0,-877888.8047279636,20.0,6.0,6.0,1.0,0.28,0.08,0.28,0.8,0.55,0.03,1.5,1.94e-07,14.5,0.47,0.045,2.4,3.45e-05,4.03,0.1,0.1,0.6,0.08,0.12,0.05,0.09,7.2e-10,9,1e-05,1,2e-06,574000000.0,20,0.573,1.0,160.9195402,0.779051285,0.85,1.0,50.0,4.0,0.8,0.7854047094285671,17.5,10.2,34.16,2.669080975
151,151_0,COMPLETED,MOO,0.7410689351659471,0.9758368409316944,5.2160154460569154e-05,-15000000.0,-947810.9069602864,20.0,6.0,6.0,1.0,0.28,0.08,0.28,0.8,0.55,0.03,1.5,1.94e-07,14.5,0.47,0.045,2.4,3.45e-05,4.03,0.1,0.1,0.6,0.08,0.12,0.05,0.09,7.2e-10,9,1e-05,1,2e-06,574000000.0,20,0.573,1.0,160.9195402,0.779051285,0.85,1.0,50.0,4.0,0.8,0.7854047094285671,17.5,10.2,34.16,2.669080975
152,152_0,COMPLETED,MOO,0.6981305113589277,0.9375679134957339,0.0001,-9100592.674948905,-339677.63709851704,4.739021841885092,6.0,6.0,1.0,0.28,0.08,0.28,0.8,0.55,0.03,1.5,1.94e-07,14.5,0.47,0.045,2.4,3.45e-05,4.03,0.1,0.1,0.6,0.08,0.12,0.05,0.09,7.2e-10,9,1e-05,1,2e-06,574000000.0,20,0.573,1.0,160.9195402,0.779051285,0.85,1.0,50.0,4.0,0.8,0.7854047094285671,17.5,10.2,34.16,2.669080975
153,153_0,COMPLETED,MOO,0.7293949857990799,1.0827384761104422,0.0001,-5068859.456667447,-772272.6531090825,0.1,6.0,6.0,1.0,0.28,0.08,0.28,0.8,0.55,0.03,1.5,1.94e-07,14.5,0.47,0.045,2.4,3.45e-05,4.03,0.1,0.1,0.6,0.08,0.12,0.05,0.09,7.2e-10,9,1e-05,1,2e-06,574000000.0,20,0.573,1.0,160.9195402,0.779051285,0.85,1.0,50.0,4.0,0.8,0.7854047094285671,17.5,10.2,34.16,2.669080975
154,154_0,COMPLETED,MOO,0.6609973650160609,0.9612297292647516,0.0001,-13022497.95502052,-198417.28516467195,12.083968960000732,6.0,6.0,1.0,0.28,0.08,0.28,0.8,0.55,0.03,1.5,1.94e-07,14.5,0.47,0.045,2.4,3.45e-05,4.03,0.1,0.1,0.6,0.08,0.12,0.05,0.09,7.2e-10,9,1e-05,1,2e-06,574000000.0,20,0.573,1.0,160.9195402,0.779051285,0.85,1.0,50.0,4.0,0.8,0.7854047094285671,17.5,10.2,34.16,2.669080975
155,155_0,COMPLETED,MOO,0.6581100373845961,0.9712596040687133,9.592178171296395e-05,-11720497.282657312,-188726.27916762675,20.0,6.0,6.0,1.0,0.28,0.08,0.28,0.8,0.55,0.03,1.5,1.94e-07,14.5,0.47,0.045,2.4,3.45e-05,4.03,0.1,0.1,0.6,0.08,0.12,0.05,0.09,7.2e-10,9,1e-05,1,2e-06,574000000.0,20,0.573,1.0,160.9195402,0.779051285,0.85,1.0,50.0,4.0,0.8,0.7854047094285671,17.5,10.2,34.16,2.669080975
156,156_0,COMPLETED,MOO,0.6734528883519517,0.9459661213550925,0.0001,-15000000.0,-239013.37907596887,11.903153257282197,6.0,6.0,1.0,0.28,0.08,0.28,0.8,0.55,0.03,1.5,1.94e-07,14.5,0.47,0.045,2.4,3.45e-05,4.03,0.1,0.1,0.6,0.08,0.12,0.05,0.09,7.2e-10,9,1e-05,1,2e-06,574000000.0,20,0.573,1.0,160.9195402,0.779051285,0.85,1.0,50.0,4.0,0.8,0.7854047094285671,17.5,10.2,34.16,2.669080975
157,157_0,COMPLETED,MOO,0.6655984771684121,1.2591710671783354,1e-06,-15000000.0,-100000.0,7.513321525198796,6.0,6.0,1.0,0.28,0.08,0.28,0.8,0.55,0.03,1.5,1.94e-07,14.5,0.47,0.045,2.4,3.45e-05,4.03,0.1,0.1,0.6,0.08,0.12,0.05,0.09,7.2e-10,9,1e-05,1,2e-06,574000000.0,20,0.573,1.0,160.9195402,0.779051285,0.85,1.0,50.0,4.0,0.8,0.7854047094285671,17.5,10.2,34.16,2.669080975
158,158_0,COMPLETED,MOO,0.6668691024423424,1.2705171640008253,1e-06,-150000.0,-103602.5252955507,3.797521349247958,6.0,6.0,1.0,0.28,0.08,0.28,0.8,0.55,0.03,1.5,1.94e-07,14.5,0.47,0.045,2.4,3.45e-05,4.03,0.1,0.1,0.6,0.08,0.12,0.05,0.09,7.2e-10,9,1e-05,1,2e-06,574000000.0,20,0.573,1.0,160.9195402,0.779051285,0.85,1.0,50.0,4.0,0.8,0.7854047094285671,17.5,10.2,34.16,2.669080975
159,159_0,COMPLETED,MOO,0.6582106334650333,0.9652564407575821,0.0001,-3288261.068968633,-190236.8792562196,20.0,6.0,6.0,1.0,0.28,0.08,0.28,0.8,0.55,0.03,1.5,1.94e-07,14.5,0.47,0.045,2.4,3.45e-05,4.03,0.1,0.1,0.6,0.08,0.12,0.05,0.09,7.2e-10,9,1e-05,1,2e-06,574000000.0,20,0.573,1.0,160.9195402,0.779051285,0.85,1.0,50.0,4.0,0.8,0.7854047094285671,17.5,10.2,34.16,2.669080975
160,160_0,COMPLETED,MOO,0.682594865336261,0.9435796738871046,0.0001,-9334354.63098031,-261479.87074120902,13.412455582050757,6.0,6.0,1.0,0.28,0.08,0.28,0.8,0.55,0.03,1.5,1.94e-07,14.5,0.47,0.045,2.4,3.45e-05,4.03,0.1,0.1,0.6,0.08,0.12,0.05,0.09,7.2e-10,9,1e-05,1,2e-06,574000000.0,20,0.573,1.0,160.9195402,0.779051285,0.85,1.0,50.0,4.0,0.8,0.7854047094285671,17.5,10.2,34.16,2.669080975
161,161_0,COMPLETED,MOO,0.7286007745364442,1.1068586778438745,8.285715723514286e-05,-12984346.715536762,-615038.79171453,0.1240872105170861,6.0,6.0,1.0,0.28,0.08,0.28,0.8,0.55,0.03,1.5,1.94e-07,14.5,0.47,0.045,2.4,3.45e-05,4.03,0.1,0.1,0.6,0.08,0.12,0.05,0.09,7.2e-10,9,1e-05,1,2e-06,574000000.0,20,0.573,1.0,160.9195402,0.779051285,0.85,1.0,50.0,4.0,0.8,0.7854047094285671,17.5,10.2,34.16,2.669080975
162,162_0,COMPLETED,MOO,0.7409582447616128,0.977045455532078,5.24097832786382e-05,-2137045.497715611,-904269.6569823059,8.100695079499788,6.0,6.0,1.0,0.28,0.08,0.28,0.8,0.55,0.03,1.5,1.94e-07,14.5,0.47,0.045,2.4,3.45e-05,4.03,0.1,0.1,0.6,0.08,0.12,0.05,0.09,7.2e-10,9,1e-05,1,2e-06,574000000.0,20,0.573,1.0,160.9195402,0.779051285,0.85,1.0,50.0,4.0,0.8,0.7854047094285671,17.5,10.2,34.16,2.669080975
163,163_0,COMPLETED,MOO,0.6883811648714013,0.9394341849601908,0.0001,-10857451.908154119,-288208.899421087,6.598545706513748,6.0,6.0,1.0,0.28,0.08,0.28,0.8,0.55,0.03,1.5,1.94e-07,14.5,0.47,0.045,2.4,3.45e-05,4.03,0.1,0.1,0.6,0.08,0.12,0.05,0.09,7.2e-10,9,1e-05,1,2e-06,574000000.0,20,0.573,1.0,160.9195402,0.779051285,0.85,1.0,50.0,4.0,0.8,0.7854047094285671,17.5,10.2,34.16,2.669080975
164,164_0,COMPLETED,MOO,0.6612175584522232,0.9571454816295255,0.0001,-9504308.815264227,-204445.2669551093,17.525284656979103,6.0,6.0,1.0,0.28,0.08,0.28,0.8,0.55,0.03,1.5,1.94e-07,14.5,0.47,0.045,2.4,3.45e-05,4.03,0.1,0.1,0.6,0.08,0.12,0.05,0.09,7.2e-10,9,1e-05,1,2e-06,574000000.0,20,0.573,1.0,160.9195402,0.779051285,0.85,1.0,50.0,4.0,0.8,0.7854047094285671,17.5,10.2,34.16,2.669080975
165,165_0,COMPLETED,MOO,0.7537247570283953,1.1215616983376944,3.756592162143299e-05,-150000.0,-925201.1904345378,12.639741164382627,6.0,6.0,1.0,0.28,0.08,0.28,0.8,0.55,0.03,1.5,1.94e-07,14.5,0.47,0.045,2.4,3.45e-05,4.03,0.1,0.1,0.6,0.08,0.12,0.05,0.09,7.2e-10,9,1e-05,1,2e-06,574000000.0,20,0.573,1.0,160.9195402,0.779051285,0.85,1.0,50.0,4.0,0.8,0.7854047094285671,17.5,10.2,34.16,2.669080975
166,166_0,COMPLETED,MOO,0.6980421095794535,0.9374553686856942,0.0001,-7864687.577743174,-341495.1717378951,4.452545873419919,6.0,6.0,1.0,0.28,0.08,0.28,0.8,0.55,0.03,1.5,1.94e-07,14.5,0.47,0.045,2.4,3.45e-05,4.03,0.1,0.1,0.6,0.08,0.12,0.05,0.09,7.2e-10,9,1e-05,1,2e-06,574000000.0,20,0.573,1.0,160.9195402,0.779051285,0.85,1.0,50.0,4.0,0.8,0.7854047094285671,17.5,10.2,34.16,2.669080975
167,167_0,COMPLETED,MOO,0.7296865045330134,1.0702320918228907,0.0001,-15000000.0,-2000000.0,0.1,6.0,6.0,1.0,0.28,0.08,0.28,0.8,0.55,0.03,1.5,1.94e-07,14.5,0.47,0.045,2.4,3.45e-05,4.03,0.1,0.1,0.6,0.08,0.12,0.05,0.09,7.2e-10,9,1e-05,1,2e-06,574000000.0,20,0.573,1.0,160.9195402,0.779051285,0.85,1.0,50.0,4.0,0.8,0.7854047094285671,17.5,10.2,34.16,2.669080975
168,168_0,COMPLETED,MOO,0.6577691191608004,0.969625701860717,0.0001,-3963798.0467982497,-184196.9179758546,18.209373481050356,6.0,6.0,1.0,0.28,0.08,0.28,0.8,0.55,0.03,1.5,1.94e-07,14.5,0.47,0.045,2.4,3.45e-05,4.03,0.1,0.1,0.6,0.08,0.12,0.05,0.09,7.2e-10,9,1e-05,1,2e-06,574000000.0,20,0.573,1.0,160.9195402,0.779051285,0.85,1.0,50.0,4.0,0.8,0.7854047094285671,17.5,10.2,34.16,2.669080975
169,169_0,COMPLETED,MOO,0.6576237753065347,0.9773540587509916,0.0001,-4167371.5909138303,-174129.79778828635,19.254848438436603,6.0,6.0,1.0,0.28,0.08,0.28,0.8,0.55,0.03,1.5,1.94e-07,14.5,0.47,0.045,2.4,3.45e-05,4.03,0.1,0.1,0.6,0.08,0.12,0.05,0.09,7.2e-10,9,1e-05,1,2e-06,574000000.0,20,0.573,1.0,160.9195402,0.779051285,0.85,1.0,50.0,4.0,0.8,0.7854047094285671,17.5,10.2,34.16,2.669080975
170,170_0,COMPLETED,MOO,0.7049308673626867,0.9374090003756247,0.0001,-10777293.356192354,-442155.95243842644,2.221567726327879,6.0,6.0,1.0,0.28,0.08,0.28,0.8,0.55,0.03,1.5,1.94e-07,14.5,0.47,0.045,2.4,3.45e-05,4.03,0.1,0.1,0.6,0.08,0.12,0.05,0.09,7.2e-10,9,1e-05,1,2e-06,574000000.0,20,0.573,1.0,160.9195402,0.779051285,0.85,1.0,50.0,4.0,0.8,0.7854047094285671,17.5,10.2,34.16,2.669080975
171,171_0,COMPLETED,MOO,0.6853673560570233,0.9457530290019068,9.18223220688572e-05,-5683473.4268097095,-281888.72209290206,5.754004489834005,6.0,6.0,1.0,0.28,0.08,0.28,0.8,0.55,0.03,1.5,1.94e-07,14.5,0.47,0.045,2.4,3.45e-05,4.03,0.1,0.1,0.6,0.08,0.12,0.05,0.09,7.2e-10,9,1e-05,1,2e-06,574000000.0,20,0.573,1.0,160.9195402,0.779051285,0.85,1.0,50.0,4.0,0.8,0.7854047094285671,17.5,10.2,34.16,2.669080975
172,172_0,COMPLETED,MOO,0.6832106578653622,0.9453416845980718,0.0001,-5117656.386373891,-258429.0604613081,20.0,6.0,6.0,1.0,0.28,0.08,0.28,0.8,0.55,0.03,1.5,1.94e-07,14.5,0.47,0.045,2.4,3.45e-05,4.03,0.1,0.1,0.6,0.08,0.12,0.05,0.09,7.2e-10,9,1e-05,1,2e-06,574000000.0,20,0.573,1.0,160.9195402,0.779051285,0.85,1.0,50.0,4.0,0.8,0.7854047094285671,17.5,10.2,34.16,2.669080975
173,173_0,COMPLETED,MOO,0.6959632375714455,0.942837960704345,9.09552259707453e-05,-12650760.077388177,-332904.0715462102,4.934835391582469,6.0,6.0,1.0,0.28,0.08,0.28,0.8,0.55,0.03,1.5,1.94e-07,14.5,0.47,0.045,2.4,3.45e-05,4.03,0.1,0.1,0.6,0.08,0.12,0.05,0.09,7.2e-10,9,1e-05,1,2e-06,574000000.0,20,0.573,1.0,160.9195402,0.779051285,0.85,1.0,50.0,4.0,0.8,0.7854047094285671,17.5,10.2,34.16,2.669080975
174,174_0,COMPLETED,MOO,0.6703511760087025,0.948417139429866,0.0001,-5004153.948927006,-230873.5465464557,20.0,6.0,6.0,1.0,0.28,0.08,0.28,0.8,0.55,0.03,1.5,1.94e-07,14.5,0.47,0.045,2.4,3.45e-05,4.03,0.1,0.1,0.6,0.08,0.12,0.05,0.09,7.2e-10,9,1e-05,1,2e-06,574000000.0,20,0.573,1.0,160.9195402,0.779051285,0.85,1.0,50.0,4.0,0.8,0.7854047094285671,17.5,10.2,34.16,2.669080975
175,175_0,COMPLETED,MOO,0.6925986414028127,0.9382997745092754,0.0001,-15000000.0,-308795.64526724303,5.369434161983451,6.0,6.0,1.0,0.28,0.08,0.28,0.8,0.55,0.03,1.5,1.94e-07,14.5,0.47,0.045,2.4,3.45e-05,4.03,0.1,0.1,0.6,0.08,0.12,0.05,0.09,7.2e-10,9,1e-05,1,2e-06,574000000.0,20,0.573,1.0,160.9195402,0.779051285,0.85,1.0,50.0,4.0,0.8,0.7854047094285671,17.5,10.2,34.16,2.669080975
176,176_0,COMPLETED,MOO,0.7066387735852814,0.9385569442549433,0.0001,-9829301.58090806,-491830.4816390446,1.7500611020548897,6.0,6.0,1.0,0.28,0.08,0.28,0.8,0.55,0.03,1.5,1.94e-07,14.5,0.47,0.045,2.4,3.45e-05,4.03,0.1,0.1,0.6,0.08,0.12,0.05,0.09,7.2e-10,9,1e-05,1,2e-06,574000000.0,20,0.573,1.0,160.9195402,0.779051285,0.85,1.0,50.0,4.0,0.8,0.7854047094285671,17.5,10.2,34.16,2.669080975
177,177_0,COMPLETED,MOO,0.7333548622541303,1.1592253458812767,0.0001,-150000.0,-2000000.0,0.1,6.0,6.0,1.0,0.28,0.08,0.28,0.8,0.55,0.03,1.5,1.94e-07,14.5,0.47,0.045,2.4,3.45e-05,4.03,0.1,0.1,0.6,0.08,0.12,0.05,0.09,7.2e-10,9,1e-05,1,2e-06,574000000.0,20,0.573,1.0,160.9195402,0.779051285,0.85,1.0,50.0,4.0,0.8,0.7854047094285671,17.5,10.2,34.16,2.669080975
178,178_0,COMPLETED,MOO,0.6594844897494067,1.0176395786350414,0.0001,-494396.2819321342,-190950.73299885844,20.0,6.0,6.0,1.0,0.28,0.08,0.28,0.8,0.55,0.03,1.5,1.94e-07,14.5,0.47,0.045,2.4,3.45e-05,4.03,0.1,0.1,0.6,0.08,0.12,0.05,0.09,7.2e-10,9,1e-05,1,2e-06,574000000.0,20,0.573,1.0,160.9195402,0.779051285,0.85,1.0,50.0,4.0,0.8,0.7854047094285671,17.5,10.2,34.16,2.669080975
179,179_0,COMPLETED,MOO,0.6638508483427722,1.0962425343527709,8.754999863316428e-05,-150000.0,-178096.2065370963,20.0,6.0,6.0,1.0,0.28,0.08,0.28,0.8,0.55,0.03,1.5,1.94e-07,14.5,0.47,0.045,2.4,3.45e-05,4.03,0.1,0.1,0.6,0.08,0.12,0.05,0.09,7.2e-10,9,1e-05,1,2e-06,574000000.0,20,0.573,1.0,160.9195402,0.779051285,0.85,1.0,50.0,4.0,0.8,0.7854047094285671,17.5,10.2,34.16,2.669080975
180,180_0,RUNNING,MOO,,,0.0001,-150000.0,-1847929.2970155985,0.1,6.0,6.0,1.0,0.28,0.08,0.28,0.8,0.55,0.03,1.5,1.94e-07,14.5,0.47,0.045,2.4,3.45e-05,4.03,0.1,0.1,0.6,0.08,0.12,0.05,0.09,7.2e-10,9,1e-05,1,2e-06,574000000.0,20,0.573,1.0,160.9195402,0.779051285,0.85,1.0,50.0,4.0,0.8,0.7854047094285671,17.5,10.2,34.16,2.669080975
181,181_0,RUNNING,MOO,,,8.539243480746895e-05,-2486727.1983041335,-209181.90291128727,20.0,6.0,6.0,1.0,0.28,0.08,0.28,0.8,0.55,0.03,1.5,1.94e-07,14.5,0.47,0.045,2.4,3.45e-05,4.03,0.1,0.1,0.6,0.08,0.12,0.05,0.09,7.2e-10,9,1e-05,1,2e-06,574000000.0,20,0.573,1.0,160.9195402,0.779051285,0.85,1.0,50.0,4.0,0.8,0.7854047094285671,17.5,10.2,34.16,2.669080975
182,182_0,RUNNING,MOO,,,0.0001,-4112300.33322813,-277407.486290941,20.0,6.0,6.0,1.0,0.28,0.08,0.28,0.8,0.55,0.03,1.5,1.94e-07,14.5,0.47,0.045,2.4,3.45e-05,4.03,0.1,0.1,0.6,0.08,0.12,0.05,0.09,7.2e-10,9,1e-05,1,2e-06,574000000.0,20,0.573,1.0,160.9195402,0.779051285,0.85,1.0,50.0,4.0,0.8,0.7854047094285671,17.5,10.2,34.16,2.669080975
183,183_0,RUNNING,MOO,,,8.1823507574324e-05,-14184335.97256367,-317260.7629206083,4.403783252639639,6.0,6.0,1.0,0.28,0.08,0.28,0.8,0.55,0.03,1.5,1.94e-07,14.5,0.47,0.045,2.4,3.45e-05,4.03,0.1,0.1,0.6,0.08,0.12,0.05,0.09,7.2e-10,9,1e-05,1,2e-06,574000000.0,20,0.573,1.0,160.9195402,0.779051285,0.85,1.0,50.0,4.0,0.8,0.7854047094285671,17.5,10.2,34.16,2.669080975
184,184_0,RUNNING,MOO,,,9.278494305668623e-05,-12808497.376842156,-394181.56935030967,3.7478256849876863,6.0,6.0,1.0,0.28,0.08,0.28,0.8,0.55,0.03,1.5,1.94e-07,14.5,0.47,0.045,2.4,3.45e-05,4.03,0.1,0.1,0.6,0.08,0.12,0.05,0.09,7.2e-10,9,1e-05,1,2e-06,574000000.0,20,0.573,1.0,160.9195402,0.779051285,0.85,1.0,50.0,4.0,0.8,0.7854047094285671,17.5,10.2,34.16,2.669080975
185,185_0,RUNNING,MOO,,,0.0001,-15000000.0,-352842.47633240046,4.882027537853244,6.0,6.0,1.0,0.28,0.08,0.28,0.8,0.55,0.03,1.5,1.94e-07,14.5,0.47,0.045,2.4,3.45e-05,4.03,0.1,0.1,0.6,0.08,0.12,0.05,0.09,7.2e-10,9,1e-05,1,2e-06,574000000.0,20,0.573,1.0,160.9195402,0.779051285,0.85,1.0,50.0,4.0,0.8,0.7854047094285671,17.5,10.2,34.16,2.669080975
186,186_0,RUNNING,MOO,,,0.0001,-9052714.22850612,-589496.0283426731,2.234511826999603,6.0,6.0,1.0,0.28,0.08,0.28,0.8,0.55,0.03,1.5,1.94e-07,14.5,0.47,0.045,2.4,3.45e-05,4.03,0.1,0.1,0.6,0.08,0.12,0.05,0.09,7.2e-10,9,1e-05,1,2e-06,574000000.0,20,0.573,1.0,160.9195402,0.779051285,0.85,1.0,50.0,4.0,0.8,0.7854047094285671,17.5,10.2,34.16,2.669080975
187,187_0,RUNNING,MOO,,,7.256617884498412e-05,-15000000.0,-1560797.541731509,20.0,6.0,6.0,1.0,0.28,0.08,0.28,0.8,0.55,0.03,1.5,1.94e-07,14.5,0.47,0.045,2.4,3.45e-05,4.03,0.1,0.1,0.6,0.08,0.12,0.05,0.09,7.2e-10,9,1e-05,1,2e-06,574000000.0,20,0.573,1.0,160.9195402,0.779051285,0.85,1.0,50.0,4.0,0.8,0.7854047094285671,17.5,10.2,34.16,2.669080975
