trial_index,arm_name,trial_status,generation_method,branin,x0,x1,x2,x3,x4,x5,x6,x7,x8,x9,x10,x11,x12,x13,x14,x15,x16,x17,x18,x19,x20,x21,x22,x23,x24,x25,x26,x27,x28,x29,x30,x31,x32,x33,x34,x35,x36,x37,x38,x39,x40,x41,x42,x43,x44,x45,x46,x47,x48,x49
0,0_0,COMPLETED,Sobol,63.775322927061964,7.15654194355011,7.096916437149048,5.144403278827667,-0.9897680580615997,-3.1908128038048744,-1.5146229416131973,0.7354551553726196,1.228409856557846,1.4189021289348602,4.49381560087204,4.946424961090088,2.2852936387062073,5.206127166748047,-2.6016708463430405,-4.48093930259347,7.41634339094162,4.4916412234306335,9.428494572639465,5.365246534347534,4.435393512248993,-2.955688461661339,-3.1032779067754745,1.3435642421245575,3.181493878364563,7.544312477111816,11.327960193157196,3.4024541079998016,8.284956514835358,10.573659539222717,4.315044432878494,5.346326977014542,12.501347064971924,14.135104715824127,5.711036324501038,8.046759366989136,10.705890655517578,12.815854847431183,9.370590448379517,4.345042705535889,2.659316807985306,7.598212659358978,7.489446848630905,2.699948474764824,5.690453052520752,7.4191367626190186,12.591202855110168,1.6037743538618088,0.9954063221812248,8.954458236694336,5.759173482656479
1,1_0,COMPLETED,Sobol,64.10637622281511,-2.214333852753043,0.4488365910947323,0.6504505034536123,-3.0966626573354006,5.612460891716182,8.243999402038753,5.463610137812793,-4.202804705128074,5.830035121180117,1.2682371819391847,4.6142615377902985,9.769403184764087,7.811280018649995,1.1974312784150243,-3.0625815177336335,-4.613367379643023,8.17959735635668,2.0601523527875543,5.684409067034721,2.2866947017610073,1.07635579071939,6.876560742966831,8.30782207660377,3.037528181448579,-3.770173122175038,11.289669228717685,0.0991829764097929,11.8358571594581,8.583404277451336,7.9829635843634605,0.7109365565702319,0.5083471862599254,3.944695796817541,13.800797145813704,4.91646125447005,11.878056870773435,6.422993866726756,13.457844899967313,5.679307286627591,0.7322466233745217,6.644781022332609,3.271348737180233,11.778887417167425,5.691674631088972,14.0269365767017,9.49300731997937,7.966699157841504,8.354551303200424,7.724540387280285,8.211546465754509
2,2_0,COMPLETED,Sobol,59.78142087775868,-3.653893955051899,1.0985364159569144,-0.8404940040782094,-0.3941996255889535,6.268494138494134,4.522250411100686,9.010305819101632,6.805073991417885,-3.062528669834137,0.3797985427081585,-2.2858011862263083,-2.223850009031594,6.813793852925301,-3.0974717624485493,7.122410973533988,1.1913629341870546,1.5987578919157386,2.7927980944514275,-1.1890109814703465,-4.095164220780134,4.415313950739801,-1.940820561721921,2.013971349224448,6.8919922318309546,9.117123186588287,5.31154990196228,3.281833869405091,14.014963028021157,13.648518179543316,4.352118372917175,0.4015974747017026,11.348265213891864,6.973993764258921,9.099884661845863,9.837326263077557,1.5753501746803522,7.692693290300667,1.666452856734395,8.151518516242504,14.721436416730285,4.137167469598353,9.043454015627503,8.928363122977316,5.611671390943229,10.694324648939073,11.30395632237196,7.000068579800427,6.0713865933939815,6.806729938834906,8.02443124819547
3,3_0,COMPLETED,Sobol,142.70991360376016,-0.5241129361093044,-3.425522898323834,-3.697925782762468,5.353244920261204,-3.0092884553596377,4.966611671261489,-1.6770406998693943,2.8136159060522914,2.4526666942983866,-4.693441349081695,-0.906388028524816,-4.261644394136965,-3.851119368337095,0.5109936557710171,6.0757443541660905,7.9539090394973755,2.940891543403268,2.219951758161187,7.42807547096163,1.7611645441502333,2.041235431097448,-0.870752283371985,3.0762293422594666,0.9901932487264276,2.5642195157706738,9.022182715125382,4.412320484407246,1.7832533502951264,9.164218939840794,8.503771657124162,8.934953073039651,12.300938358530402,10.547278658486903,13.181857229210436,8.996592136099935,13.223604261875153,3.57929527759552,2.37576168961823,14.117884472943842,6.980776735581458,5.452374620363116,9.08865939360112,4.516999977640808,11.466290093958378,8.128593284636736,12.120663388632238,12.855978640727699,10.276079289615154,11.796788270585239,10.590112865902483
4,4_0,COMPLETED,Sobol,157.53514976771066,8.182433135807514,0.4682960733771324,3.2661895593628287,6.774995643645525,0.2029837341979146,3.22233974467963,6.580736809410155,-2.6284890668466687,-3.399577890522778,5.848193243145943,8.920420971699059,4.167237193323672,3.6802316177636385,8.377562290988863,6.273699230514467,-0.3564469749107957,6.2278002221137285,-2.3166103661060333,9.693585755303502,3.5773158306255937,8.336335620842874,3.595487321726978,3.966078474186361,5.729718995280564,6.074150535278022,13.702270961366594,14.97238636482507,14.712259867228568,2.7877074480056763,8.643166464753449,14.287708913907409,2.2273379378020763,13.518693870864809,4.179010740481317,2.5449981819838285,8.837228449992836,13.841504738666117,5.861765127629042,5.111302686855197,10.086756851524115,0.8860317198559642,0.52122269757092,12.738700909540057,10.950661143288016,1.516949376091361,5.656628315337002,12.122312542051077,0.0930248899385333,11.592317721806467,14.84895518515259
5,5_0,COMPLETED,Sobol,30.519470347440304,2.0724724093452096,8.344861106015742,0.2806669333949685,-4.31953533552587,2.6817830419167876,-4.272295250557363,-4.995287386700511,4.102267567068338,-2.5397746823728085,4.24103585537523,7.9948083544149995,-3.530228571034968,-4.842902445234358,7.376366825774312,2.6472898200154305,7.065260503441095,5.018148864619434,8.308202517218888,-0.36902925930917263,8.27895347494632,2.910961345769465,0.19786939024925232,-0.7095353305339813,5.62940448988229,3.3131066616624594,0.039678141474723816,12.511848430149257,2.2029389161616564,11.380470064468682,2.2346787806600332,5.327903525903821,6.336068124510348,0.2691650530323386,3.9548221277073026,12.383446879684925,12.19790539238602,6.444313111715019,12.210620739497244,14.810655349865556,8.915656353347003,13.645592741668224,12.335474244318902,6.751618534326553,4.636083184741437,8.909655218012631,8.871979834511876,3.8645726116374135,1.0999757330864668,9.904380426742136,10.602231156080961
6,6_0,COMPLETED,Sobol,174.11432620413476,6.265107961371541,0.1134800398722291,-4.9650250701233745,3.5133165074512362,-3.914296580478549,8.116582906804979,6.761682331562042,4.179555210284889,8.275129133835435,-0.9495105035603046,-2.5196237629279494,2.7320243790745735,-0.3053624741733074,-1.5157977910712361,7.6218799920752645,-2.3899668129161,0.24239604361355305,-1.2382776848971844,-3.5162725625559688,6.717649693600833,-2.8460091212764382,2.582617695443332,7.413507946766913,9.821154954843223,7.067521591670811,9.706802135333419,13.783804303966463,4.369881232269108,3.262197724543512,2.950033131055534,8.44645160716027,7.029296960681677,5.741799040697515,9.785600281320512,6.43054872751236,6.769852736033499,6.673747077584267,11.102504613809288,11.460042586550117,12.732649203389883,8.832610161043704,3.9109282940626144,5.9727917751297355,8.418603194877505,0.7107977522537112,7.808801759965718,2.139125126414001,13.234825632534921,10.625393707305193,3.2152209151536226
7,7_0,COMPLETED,Sobol,58.010972840290044,6.134128249250352,3.4212247049435973,-2.4806083785369992,2.436686232686043,5.947670536115766,-2.1682527754455805,8.198756640776992,4.946743166074157,9.967111060395837,2.2765501542016864,-3.1207395624369383,-4.54501842148602,-2.401566654443741,-4.984437320381403,8.596052452921867,6.738155419006944,1.6238620830699801,1.1930912267416716,2.607238390482962,-2.130969692952931,2.297648312523961,1.8411867832764983,8.210520949214697,-2.952921916730702,-4.874473218806088,7.682065470144153,1.294557536020875,3.2869532285258174,5.843886150978506,12.694982886314392,6.836759727448225,2.371509885415435,12.131085433065891,3.103707474656403,2.878942620009184,3.075211769901216,0.879591191187501,1.8632213585078716,8.524063811637461,2.5331251602619886,1.7631209688261151,4.49229933321476,14.681776952929795,12.244817717000842,4.408162864856422,13.665109626017511,8.24378932826221,2.804945628158748,9.614445674233139,6.579252351075411
8,8_0,COMPLETED,Sobol,29.723749253378905,-4.521820610389113,9.734090617857873,2.803382915444672,8.688467196188867,5.38235972635448,7.5077233184129,5.820335638709366,8.533299826085567,1.3891104981303215,-3.8484051963314414,9.67386535834521,7.877092892304063,8.737727208063006,-2.3368390277028084,6.858192416839302,-1.3775655394420028,4.037129352800548,7.518647662363946,3.7921894947066903,-0.7217930676415563,-0.3277427423745394,9.648575885221362,5.073321484960616,0.5359956296160817,2.347352048382163,13.830298958346248,1.4216736098751426,7.918404503725469,8.594755232334137,3.9877758733928204,3.0923206033185124,2.0579669438302517,0.5668694525957108,13.61211628653109,8.344870847649872,11.554952678270638,12.287085126154125,6.4839162630960345,2.2730206651613116,8.093606634065509,6.581978425383568,0.10183443780988455,8.463516030460596,4.976034066639841,6.604419713839889,6.594982850365341,6.903032907284796,6.03372210636735,4.907553247176111,13.442579191178083
9,9_0,COMPLETED,Sobol,62.00128288899254,3.526872433722019,-1.2974886083975434,4.340480919927359,4.783111889846623,8.881925670430064,1.6418278263881803,2.789483373053372,6.590233435854316,-0.9336896892637014,-2.1777373319491744,-4.977474557235837,3.895386131480336,8.592031821608543,3.3823775872588158,9.097345359623432,2.6875686226412654,1.6867460124194622,-0.11792905163019896,-2.4857225408777595,5.0504015898332,-4.859447875060141,3.4761483408510685,-4.301088764332235,0.5028968909755349,4.014830333180726,11.63502877112478,2.0235997438430786,8.974945549853146,0.9385288367047906,0.469934307038784,4.2010547406971455,5.31109684612602,8.080518362112343,0.20278645679354668,10.81008814740926,4.041078519076109,12.342985603027046,4.076509941369295,12.750364020466805,6.709047700278461,6.685098703019321,14.512235331349075,0.9270202741026878,13.496177340857685,6.327241156250238,9.650310706347227,11.353572425432503,13.76576037146151,8.810479477979243,6.2126997532323
10,10_0,COMPLETED,FullyBayesian,4.3729565998594335,-5.0,10.0,2.948175329105455,-1.743735943995564,10.0,-5.0,3.4825868164617475,10.0,-5.0,3.6961292879518055,10.0,-3.7181246505343344,10.0,-1.584021063954415,3.4544080641773753,6.467365221334983,-0.335208812090813,10.0,-4.993988275862015,-1.8895694695235496,0.21420072699521242,5.126910156145968,-5.0,-5.0,-1.9167198392334073,0.0,0.0,4.379004863396663,15.0,0.0,2.6792666594050063,0.0,0.0,0.0,15.0,0.0,0.0,7.392064668494533,8.874950726778765,2.7608168649271545,15.0,15.0,8.455114265149234,0.0,13.253824559325267,11.251789185256985,0.0,0.0,0.0,11.067383283867786
11,11_0,COMPLETED,FullyBayesian,21.456754474921883,-5.0,10.0,1.7419138806303813,-1.817049322829308,10.0,-5.0,-5.0,10.0,-5.0,-5.0,10.0,10.0,10.0,-5.0,10.0,-4.73057278361445,10.0,10.0,-5.0,-4.787405201316411,-5.0,3.5313318310468755,-5.0,-5.0,-5.0,0.0,0.0,7.237851050348795,15.0,0.0,0.7562153718964497,0.0,0.0,9.923742216282932,15.0,10.273514917829308,15.0,0.0,0.0,0.0,1.071172581642387,5.085289386886842,15.0,0.0,11.799065871468839,10.121574691259095,6.142711932095546,0.0,0.0,6.590746547361201
12,12_0,COMPLETED,FullyBayesian,2.0927111163007863,-5.0,10.0,10.0,6.735962983217677,10.0,-5.0,-5.0,10.0,-5.0,2.1962196634228714,10.0,10.0,-5.0,10.0,-2.123433761513255,10.0,9.854243203344932,10.0,-5.0,10.0,6.772864193680734,4.826490262537002,-5.0,4.74880961420344,10.0,0.0,0.0,3.389661248414675,15.0,0.0,3.1089444509160877,0.0,0.0,0.0,8.634023913107137,15.0,0.0,15.0,15.0,14.533938250576515,15.0,12.669852551697026,0.0,0.0,15.0,4.643637596860752,0.0,0.0,0.0,9.500623514111217
13,13_0,COMPLETED,FullyBayesian,10.960889035651505,-1.3866301478124057,10.0,10.0,10.0,10.0,-5.0,-5.0,10.0,10.0,10.0,10.0,-5.0,-5.0,10.0,-5.0,10.0,-5.0,10.0,-4.323720313613778,10.0,-5.0,10.0,10.0,-5.0,-5.0,0.0,0.0,0.0,15.0,0.0,0.0,15.0,0.0,0.0,15.0,0.0,0.0,15.0,15.0,0.0,15.0,15.0,0.0,0.0,15.0,0.0,0.0,1.0826883350185978,0.0,15.0
14,14_0,COMPLETED,FullyBayesian,10.960889035651505,-5.0,10.0,10.0,-5.0,10.0,-5.0,10.0,10.0,-5.0,-5.0,-5.0,10.0,10.0,10.0,-5.0,10.0,10.0,10.0,-5.0,-5.0,10.0,10.0,-5.0,-5.0,-5.0,0.0,0.0,0.0,0.0,0.0,0.0,0.0,0.0,0.0,0.0,15.0,0.0,15.0,15.0,15.0,15.0,15.0,0.0,15.0,15.0,15.0,0.0,1.161611246888108,0.0,15.0
15,15_0,COMPLETED,FullyBayesian,145.87219087939556,-5.0,10.0,10.0,-5.0,10.0,-5.0,-5.0,10.0,10.0,-5.0,10.0,-5.0,-5.0,-5.0,10.0,10.0,10.0,10.0,-5.0,-5.0,10.0,10.0,-5.0,-5.0,-5.0,15.0,0.0,15.0,15.0,15.0,0.0,0.0,0.0,0.0,15.0,0.0,0.0,15.0,15.0,15.0,15.0,15.0,15.0,0.0,15.0,0.0,0.0,0.0,0.0,0.0
16,16_0,COMPLETED,FullyBayesian,16.83747104804602,-3.6412405413696494,10.0,7.275083252712497,3.5829222805515304,10.0,-5.0,0.7795048473943522,10.0,-5.0,10.0,6.857384458616465,6.666715256127947,10.0,10.0,-5.0,8.995851086739735,-1.4995508968723392,10.0,-5.0,6.030291781226259,-3.3832130883912237,3.2278933325361603,4.449422240046619,1.4259764778203792,10.0,0.0,0.0,0.0,11.627590699225637,0.0,0.6436479334753257,2.9724233107697096,0.0,0.14688113536530242,9.197384078218477,12.011011261107058,5.07743721039071,6.709992775772013,0.0,0.0,14.972522351152897,7.142143332279807,0.0,0.0,14.7630247978073,15.0,0.7436903751394808,0.0,2.238738647725566,15.0
17,17_0,COMPLETED,FullyBayesian,15.27383965387342,10.0,10.0,7.478096472169661,4.673035462195697,10.0,-5.0,10.0,10.0,-5.0,10.0,9.349932629776172,2.6632713590760986,-5.0,10.0,3.0119898096285205,10.0,-5.0,10.0,-5.0,10.0,-5.0,-5.0,-5.0,-5.0,-5.0,0.0,0.0,0.0,15.0,0.0,1.80535847227872,0.0,0.0,0.0,0.0,6.151329912253479,0.0,15.0,5.11557772318323,0.0,5.492047363744312,15.0,0.0,0.0,15.0,15.0,0.0,0.0,5.283849236546241,15.0
18,18_0,COMPLETED,FullyBayesian,19.784392586994898,-5.0,10.0,5.809150329314418,10.0,10.0,-5.0,10.0,10.0,-5.0,10.0,10.0,10.0,10.0,-5.0,-5.0,10.0,10.0,10.0,10.0,-5.0,0.525933994182247,10.0,10.0,3.1266988455812594,-1.4602963387945684,0.0,0.0,0.0,15.0,0.0,2.356747606499355,5.238547628647872,0.0,0.0,15.0,14.703249278320635,6.298501713667076,0.0,15.0,0.0,15.0,15.0,14.813831824930839,15.0,13.117119037063302,15.0,0.0,0.0,0.0,15.0
19,19_0,COMPLETED,FullyBayesian,35.53742238399377,-5.0,10.0,-1.002308189277533,7.42825728053959,10.0,-5.0,3.464835642093922,10.0,-5.0,4.9887971558703,8.38519284820203,2.6651778010227103,7.023381410566381,10.0,-5.0,-4.420472978318098,7.3896142263013775,10.0,-5.0,10.0,5.037270876665541,10.0,-5.0,-5.0,-5.0,0.0,0.0,3.2118722039359313,15.0,0.0,0.0,0.6715393006406556,0.0,0.0,15.0,15.0,2.0696133407469683,15.0,15.0,8.339878524160865,2.1746022128127542,15.0,0.0,0.0,11.286510900163575,4.6605450006188525,0.0,0.0,0.0,14.120131277313684
20,20_0,COMPLETED,FullyBayesian,10.960889035651505,-5.0,10.0,10.0,7.169103364544611,10.0,-5.0,7.595026747200302,10.0,-5.0,-5.0,10.0,10.0,10.0,-5.0,10.0,10.0,8.193132253671495,10.0,-5.0,8.420498790450155,-5.0,10.0,-5.0,-5.0,10.0,0.0,0.0,0.0,15.0,0.0,0.885305266118301,0.0,0.0,15.0,0.0,0.0,0.0,0.0,13.95178953546546,0.0,15.0,14.15780576273413,0.0,15.0,4.719357247956769,2.5154799921933155,2.293463311510022,0.0,0.0,15.0
21,21_0,COMPLETED,FullyBayesian,19.9528386873168,-5.0,10.0,5.980303279459404,-5.0,10.0,-5.0,-5.0,10.0,-5.0,10.0,10.0,10.0,-5.0,10.0,-5.0,10.0,-5.0,10.0,-5.0,10.0,10.0,-5.0,-5.0,0.7599929276812931,-5.0,0.0,0.0,1.9897542062374332,15.0,0.0,0.0,15.0,0.0,15.0,15.0,15.0,0.0,15.0,15.0,15.0,15.0,15.0,15.0,0.0,15.0,13.982915209591019,0.0,0.0,0.0,13.524179050281022
22,22_0,COMPLETED,FullyBayesian,2.481226574928149,-5.0,10.0,10.0,5.976751471988182,10.0,-5.0,-5.0,10.0,-5.0,0.5289691939371197,10.0,10.0,-5.0,3.843832238542083,10.0,10.0,-5.0,10.0,-5.0,-5.0,-5.0,10.0,-5.0,-5.0,5.124983907650401,0.0,1.5980783046254992,3.7364849486200034,0.0,0.0,3.336698170798201,0.0,0.9974662600627131,0.0,0.0,0.0,0.0,9.470481326296778,0.0,5.02526744847493,15.0,15.0,8.825963967055804,0.6348660604304779,15.0,12.929643433002491,3.838672144762682,3.7438605283125543,0.0,12.535111672882332
23,23_0,COMPLETED,FullyBayesian,2.043657177066857,10.0,10.0,10.0,-5.0,10.0,-5.0,-5.0,10.0,10.0,9.273522124855301,10.0,-5.0,10.0,-5.0,10.0,10.0,-5.0,10.0,-5.0,-5.0,10.0,-5.0,-5.0,-5.0,10.0,0.0,0.0,3.32002044451777,15.0,0.0,15.0,0.0,0.0,0.0,0.0,0.0,0.0,0.0,0.0,0.0,15.0,15.0,0.0,15.0,15.0,0.0,5.424627870882134,0.0,0.0,8.34877626180519
24,24_0,COMPLETED,FullyBayesian,2.4326415427612886,-5.0,10.0,10.0,10.0,10.0,10.0,10.0,10.0,-5.0,-5.0,10.0,10.0,10.0,-2.075300248406629,-1.5375335178904739,10.0,-5.0,10.0,-5.0,-5.0,-5.0,10.0,-5.0,-5.0,-5.0,15.0,6.424583653940013,3.70262360208601,15.0,0.0,0.0,0.0,0.0,6.641233106615978,15.0,15.0,15.0,0.0,0.0,0.0,15.0,0.0,0.0,0.0,15.0,15.0,4.17508623144639,4.464339977009012,0.0,15.0
25,25_0,COMPLETED,FullyBayesian,145.87219087939556,-5.0,10.0,10.0,-5.0,10.0,10.0,10.0,10.0,10.0,-5.0,-5.0,10.0,10.0,-5.0,10.0,10.0,-5.0,10.0,-5.0,-5.0,-5.0,10.0,-5.0,-5.0,-5.0,15.0,0.0,15.0,0.0,0.0,0.0,0.0,0.0,0.0,15.0,0.0,15.0,0.0,0.0,0.0,15.0,15.0,0.0,15.0,15.0,15.0,15.0,15.0,0.0,9.748131864127679
26,26_0,COMPLETED,FullyBayesian,2.0471834264496094,10.0,10.0,10.0,10.0,10.0,-5.0,10.0,10.0,-5.0,-5.0,-5.0,10.0,10.0,-5.0,-5.0,10.0,-5.0,-5.0,-5.0,-5.0,-5.0,10.0,10.0,-5.0,-5.0,0.0,15.0,2.6804444547323794,0.0,15.0,0.0,0.0,0.0,0.0,0.0,0.0,15.0,0.0,15.0,0.0,15.0,15.0,15.0,0.0,15.0,15.0,15.0,15.0,15.0,9.5674933220318
27,27_0,COMPLETED,FullyBayesian,145.87219087939556,-5.0,10.0,10.0,-5.0,10.0,10.0,10.0,-5.0,-5.0,-5.0,10.0,-5.0,-5.0,10.0,10.0,10.0,-5.0,-5.0,-5.0,-5.0,-5.0,-5.0,-5.0,-5.0,-5.0,15.0,0.0,15.0,0.0,0.0,0.0,15.0,0.0,0.0,0.0,0.0,15.0,0.0,0.0,0.0,15.0,0.0,15.0,0.0,15.0,0.0,0.0,15.0,0.0,9.849781326109513
28,28_0,COMPLETED,FullyBayesian,17.508299515778166,10.0,-5.0,-5.0,-2.6890880702960858,10.0,3.3795726097780747,10.0,-5.0,10.0,7.533494023549558,-5.0,-4.885703796447838,-5.0,-5.0,10.0,10.0,-5.0,-5.0,10.0,-5.0,0.2585757758855225,3.650325270080824,10.0,-5.0,-5.0,14.191165778058673,0.0,15.0,0.0,15.0,15.0,0.0,15.0,0.0,0.0,0.0,0.0,0.0,5.7371576219116776,0.0,15.0,0.0,15.0,15.0,0.0,13.911591224589712,15.0,0.0,15.0,0.0
29,29_0,COMPLETED,FullyBayesian,5.91522734741875,10.0,-5.0,-2.1844842969507896,8.986795818868195,10.0,10.0,10.0,-5.0,10.0,0.20616731820758893,-5.0,-5.0,-5.0,-5.0,10.0,10.0,-5.0,-5.0,10.0,-5.0,-0.6142848169480475,7.4005391314815405,10.0,-5.0,-5.0,15.0,15.0,8.89107449524827,0.0,15.0,15.0,0.0,15.0,0.0,0.0,0.0,0.0,0.0,8.135725517802696,2.028633073083711,15.0,0.0,15.0,15.0,0.0,15.0,15.0,1.3677594670275879,15.0,0.0
30,30_0,COMPLETED,FullyBayesian,0.9661466133442715,-5.0,-5.0,9.173065487587346,10.0,-5.0,10.0,10.0,-5.0,10.0,-5.0,10.0,10.0,-5.0,10.0,10.0,-5.0,-5.0,10.0,10.0,-5.0,-5.0,10.0,-5.0,-5.0,-5.0,15.0,15.0,2.7864203268903673,0.0,0.0,15.0,0.0,6.435650698242833,15.0,0.0,0.0,0.0,0.0,0.0,0.0,0.0,0.0,15.0,3.8500431808906614,0.0,15.0,0.0,15.0,15.0,15.0
31,31_0,COMPLETED,FullyBayesian,1.496067719021699,10.0,-5.0,3.16398579264089,10.0,10.0,10.0,10.0,-5.0,10.0,-5.0,-5.0,10.0,-5.0,-5.0,10.0,-5.0,-5.0,-5.0,10.0,1.129277087267747,-5.0,-5.0,10.0,-5.0,-5.0,15.0,15.0,1.2107645380422314,0.0,15.0,15.0,0.0,15.0,15.0,0.0,0.0,15.0,15.0,0.0,0.0,0.0,0.0,15.0,15.0,0.0,15.0,15.0,15.0,15.0,0.0
32,32_0,COMPLETED,FullyBayesian,1.036649621391149,10.0,10.0,-3.3687196758615245,-5.0,10.0,-5.0,10.0,10.0,10.0,10.0,10.0,10.0,-5.0,-5.0,10.0,10.0,-5.0,10.0,-5.0,-5.0,-5.0,-5.0,10.0,-5.0,-5.0,0.0,0.0,12.20116169786002,0.0,15.0,0.0,0.0,0.0,15.0,0.0,0.0,0.0,0.0,0.0,0.0,0.0,15.0,15.0,15.0,0.0,0.0,0.0,15.0,15.0,15.0
33,33_0,COMPLETED,FullyBayesian,0.42700350692041944,10.0,-5.0,9.464874086072289,-5.0,10.0,10.0,10.0,10.0,-5.0,-5.0,10.0,3.722012155666503,-5.0,10.0,10.0,10.0,10.0,-5.0,-5.0,10.0,-5.0,10.0,-5.0,-5.0,-5.0,15.0,0.0,2.6553106083649376,0.0,15.0,0.0,15.0,15.0,0.0,0.0,0.0,15.0,15.0,0.0,15.0,0.0,15.0,15.0,0.0,0.0,15.0,15.0,0.0,0.0,15.0
34,34_0,COMPLETED,FullyBayesian,0.7738077089239646,10.0,10.0,3.4026808267764697,-5.0,-5.0,10.0,10.0,-5.0,10.0,-5.0,-5.0,10.0,-5.0,2.2922469771537752,10.0,10.0,5.069138894067594,-5.0,-5.0,10.0,-5.0,10.0,10.0,10.0,-5.0,15.0,0.0,2.3047894452043267,0.0,15.0,0.0,15.0,15.0,15.0,0.0,0.0,15.0,0.0,0.0,0.0,0.0,0.0,15.0,15.0,0.0,0.0,15.0,15.0,0.0,15.0
35,35_0,COMPLETED,FullyBayesian,3.7445948391239714,10.0,4.394602589057174,-3.660456675936193,-1.5404448249205331,-5.0,6.3406119304592,-2.7144537625597027,-5.0,5.143219132649632,10.0,-5.0,10.0,2.8911766670064356,10.0,-5.0,0.9561613008813046,-3.23520687513009,-5.0,3.782297395755503,-0.19129969709147332,-5.0,-5.0,10.0,10.0,5.496610294278762,13.393727946771657,2.2714563621535695,15.0,0.0,15.0,15.0,0.0,15.0,15.0,0.0,0.0,15.0,15.0,0.0,9.46331822052395,0.0,12.042899031728709,15.0,15.0,0.33464390099127866,15.0,15.0,14.081753554114327,13.687942582509578,13.025222299998903
36,36_0,COMPLETED,FullyBayesian,1.2169005584356096,10.0,-5.0,2.7346302605182062,-5.0,10.0,-5.0,10.0,10.0,0.5248902007824405,10.0,-5.0,10.0,-5.0,10.0,10.0,-2.751204202622925,-5.0,4.344775493630868,10.0,5.897186410252468,-5.0,-5.0,-5.0,-5.0,-5.0,15.0,0.0,2.4276036937712355,0.0,15.0,0.0,15.0,15.0,15.0,0.0,0.0,15.0,15.0,0.0,15.0,0.0,15.0,11.292604201116387,15.0,0.0,0.0,0.0,15.0,0.0,15.0
37,37_0,COMPLETED,FullyBayesian,0.5140646535257218,-5.0,-5.0,-3.0065767274330533,10.0,-5.0,10.0,-5.0,-5.0,6.630018380743845,-5.0,-5.0,-5.0,10.0,10.0,-5.0,-5.0,10.0,-5.0,3.113802893589831,10.0,10.0,1.6469665214918479,-5.0,10.0,10.0,15.0,15.0,12.122653422301614,15.0,15.0,15.0,15.0,15.0,0.0,2.407678573804175,15.0,15.0,15.0,0.0,7.648977832511267,15.0,0.0,0.0,0.0,0.0,15.0,15.0,15.0,8.78945465686926,0.0
38,38_0,COMPLETED,FullyBayesian,1.9182251662136487,-2.7745395295782216,-5.0,-3.688286249334067,10.0,10.0,10.0,10.0,3.346623508502967,-5.0,-5.0,-5.0,-5.0,10.0,-5.0,10.0,-5.0,10.0,-5.0,10.0,10.0,10.0,10.0,-5.0,10.0,-5.0,15.0,0.0,13.279989523919255,15.0,0.0,15.0,0.0,15.0,0.0,1.1564378644384354,15.0,15.0,15.0,15.0,15.0,15.0,0.0,15.0,0.0,0.0,15.0,15.0,0.0,0.0,0.0
39,39_0,COMPLETED,FullyBayesian,0.4881037569915705,-3.833144643129808,5.608612377081377,3.111872464246579,4.329825338632341,0.19700410889183484,3.4486368573017163,0.3230383668172001,-3.693366713284947,-4.51235610961778,0.17000440850797016,-1.2618703138949656,-3.324420692743205,3.8026892865061743,5.683179252436856,-0.6756625058527295,8.208417739085865,-1.8809486122196781,-2.5608945818175513,3.5375830112923694,-3.6918305374703535,-3.2415069527522724,-0.700865192864522,5.725638729561787,6.956282636748252,6.7837183029101755,7.36179017405239,12.812651101205676,2.591531110704503,1.3237731517570759,7.061382592727772,10.473830693169946,4.488078238143204,8.306086571610011,11.305328399108827,5.9009502193127235,14.30570604170514,7.195960316035711,11.932362751161557,3.0859482908218734,3.132500762067142,10.327663531647776,0.5325424445040583,1.8497425687080462,2.413460140495904,5.4803837474565995,13.913352899120621,6.653695863201011,5.397263846272836,7.990559483625816,2.8894067095637923
40,40_0,COMPLETED,FullyBayesian,10.960889035651505,5.195011344207373,10.0,10.0,10.0,8.958377158172274,-5.0,10.0,10.0,10.0,-5.0,-5.0,-5.0,10.0,-5.0,-1.1432411606357644,10.0,8.465482586217098,-5.0,10.0,-5.0,-5.0,10.0,10.0,-5.0,-5.0,4.100734541723657,15.0,0.0,0.0,15.0,3.459735136232879,3.9734532837999588,0.0,0.0,0.0,0.0,15.0,0.0,15.0,0.0,15.0,15.0,5.81817975616675,15.0,15.0,0.0,15.0,15.0,15.0,0.0
41,41_0,COMPLETED,FullyBayesian,10.960889035651505,-5.0,10.0,10.0,10.0,10.0,10.0,10.0,10.0,-4.0792270755542495,-5.0,-5.0,10.0,10.0,-5.0,-1.1985272852274256,5.215103260699605,-5.0,10.0,-5.0,-5.0,-5.0,10.0,10.0,-5.0,-0.7343534389164343,15.0,0.0,0.0,15.0,0.0,5.644765923939531,0.0,0.0,15.0,15.0,0.0,15.0,0.0,0.0,0.0,15.0,15.0,11.589901429588226,15.0,0.0,15.0,7.010233831999412,14.780066763677556,0.0,15.0
42,42_0,COMPLETED,FullyBayesian,10.960889035651505,-5.0,10.0,10.0,10.0,4.699085740287995,10.0,10.0,10.0,9.17534170614512,-5.0,-5.0,10.0,10.0,-5.0,0.7988965610720742,-5.0,-5.0,10.0,-5.0,-5.0,-5.0,10.0,-0.05859746087750217,-5.0,10.0,15.0,0.0,0.0,0.0,0.40088663701916805,0.0,13.309680686619263,0.0,15.0,15.0,0.0,15.0,12.748460735631802,0.0,0.0,15.0,0.0,15.0,0.0,15.0,10.103995328436888,12.543730758110224,15.0,0.0,6.36628666208624
43,43_0,COMPLETED,FullyBayesian,10.960889035651505,-5.0,10.0,10.0,10.0,-5.0,-5.0,-5.0,-5.0,10.0,-5.0,10.0,10.0,-5.0,10.0,-0.17403375506698993,-5.0,3.9063991106250224,-5.0,-5.0,1.6183292704637013,10.0,8.059253632973087,-5.0,10.0,-5.0,15.0,15.0,0.0,15.0,0.0,15.0,5.328867088339183,15.0,0.0,0.0,15.0,0.0,15.0,0.0,15.0,0.0,0.0,15.0,0.0,5.281278571040787,15.0,0.0,0.0,0.0,15.0
44,44_0,COMPLETED,FullyBayesian,98.12908660492475,-5.0,10.0,10.0,10.0,10.0,10.0,10.0,10.0,-5.0,-5.0,10.0,10.0,10.0,-5.0,-1.5922850139595037,-5.0,10.0,10.0,-0.2503778326141717,10.0,10.0,10.0,-5.0,10.0,-5.0,3.148775602692563,0.0,12.810424243858094,15.0,0.0,9.363568133546377,0.0,15.0,15.0,0.0,15.0,15.0,15.0,15.0,15.0,0.0,15.0,15.0,0.0,0.16723000450447653,0.2777466681248638,15.0,0.0,0.0,15.0
45,45_0,COMPLETED,FullyBayesian,96.17307532671602,-5.0,10.0,-5.0,10.0,10.0,10.0,10.0,10.0,-5.0,-5.0,10.0,10.0,10.0,-5.0,7.192194790199485,-5.0,10.0,10.0,1.1254253072059655,-5.0,-5.0,10.0,7.478926561383636,-5.0,-5.0,15.0,0.0,8.052302320415127,15.0,0.0,0.0,0.0,0.0,15.0,13.413786202438612,15.0,15.0,3.5810070004090773,0.0,0.0,3.761357756177463,0.0,15.0,0.0,12.872658279832073,0.0,0.38711689779799086,0.0,0.0,11.840172343833721
46,46_0,COMPLETED,FullyBayesian,0.5081277271124449,10.0,10.0,-3.2357110313943434,-5.0,10.0,-5.0,10.0,10.0,10.0,10.0,10.0,7.7972744315161755,-5.0,-5.0,10.0,10.0,-5.0,10.0,-5.0,-5.0,-5.0,-5.0,10.0,-5.0,-5.0,0.0,0.0,12.762577049410767,0.0,15.0,0.0,0.0,0.0,15.0,0.0,0.0,0.0,0.0,15.0,15.0,0.0,15.0,15.0,15.0,15.0,0.0,0.0,15.0,15.0,15.0
47,47_0,COMPLETED,FullyBayesian,0.7382094385444997,-1.673844917607484,-1.0876712628822411,9.236233968611266,5.149270761097718,1.5116661281559898,-4.79971906839253,3.33563555657339,-3.40838364445961,5.313018371205191,1.7397688765306842,8.801981500669912,-4.725388354023253,1.7857668735888614,9.892675561764513,-1.9559431137464296,-1.6979286680347854,8.278948237484165,-2.8177043082387963,6.589672110541278,-2.5149131713729593,2.618687240185916,0.21374991642052166,2.0398424097766954,-3.407483272192078,-3.694163086771973,1.4838101319790715,2.2510459760330668,1.908115286883398,2.7478988417595813,6.4468032554114725,10.02258418243369,6.386557929951156,8.172467630672115,9.088518995016146,11.493338066122154,2.6204720424962837,6.673463810164798,2.9645090814869812,4.947403549606132,1.9665382916571075,7.6419172675855,8.557866738319602,7.495729768522089,8.781658557690449,7.79884497766932,9.624215003031289,4.081620672090712,1.2214358066333193,3.366934809869116,8.215932502793791
48,48_0,COMPLETED,FullyBayesian,0.7780766767368164,3.147955896212572,5.225320521428065,-2.9463243106219226,4.766658767765351,-1.492632952619601,1.5365419484636327,-2.8254754467585586,-0.7933669933372167,-3.646357525494449,8.46147188571557,9.584778458779418,2.7812859123899125,5.087276169335116,1.9887142973191478,2.8870242920618896,-2.3451385633589172,2.746973706895619,7.846600426632563,9.515023483731666,-3.9162210412279204,6.160772639767094,0.38223697836062875,-4.889780913174299,-1.1296221302155907,8.054216537775607,4.585821447612043,4.908839931422208,11.365994296043818,14.269965801795092,12.309494226142876,13.932482650893157,11.627024348996677,10.223638887866986,7.188374786811933,7.253066232031246,7.93836921641469,0.3754727865783493,13.385106635985615,4.646000269575374,10.450844874626593,12.282561908961158,5.139431929035353,4.3227063787088245,8.042402425958393,12.755761515003973,3.4666730807598896,11.440283989321498,5.245865191699142,6.306388885207035,7.694508851382755
49,49_0,COMPLETED,FullyBayesian,0.40090521130229106,10.0,-5.0,3.1498143988839153,-5.0,-4.81383953301024,-5.0,10.0,4.934968386496724,10.0,10.0,10.0,-5.0,-5.0,-5.0,10.0,-5.0,-4.241371010047688,10.0,10.0,9.458887184204663,10.0,9.347509152839649,-5.0,-1.3191522448800752,10.0,15.0,0.0,2.2167285716814455,15.0,0.0,15.0,0.0,15.0,0.0,15.0,0.0,15.0,15.0,15.0,13.854041567139571,0.0,15.0,2.770547937638167,15.0,15.0,0.0,15.0,0.0,0.0,2.8593712561789637
